cod_ap_sms,ano,faixa_etaria,1. Causas evitáveis,2. Causas mal definidas,3. Demais causas (não claramente evitáveis),total,percentual_evitaveis
1.0,2006,de 1 a 4 anos,8,0,8,16,50.0
1.0,2006,menores de 1 ano,56,3,22,81,69.14
1.0,2006,menores de 5 anos,64,3,30,97,65.98
1.0,2007,de 1 a 4 anos,6,2,6,14,42.86
1.0,2007,menores de 1 ano,45,3,22,70,64.29
1.0,2007,menores de 5 anos,51,5,28,84,60.71
1.0,2008,de 1 a 4 anos,7,2,6,15,46.67
1.0,2008,menores de 1 ano,47,3,18,68,69.12
1.0,2008,menores de 5 anos,54,5,24,83,65.06
1.0,2009,de 1 a 4 anos,9,2,4,15,60.0
1.0,2009,menores de 1 ano,58,1,23,82,70.73
1.0,2009,menores de 5 anos,67,3,27,97,69.07
1.0,2010,de 1 a 4 anos,12,1,5,18,66.67
1.0,2010,menores de 1 ano,38,8,16,62,61.29
1.0,2010,menores de 5 anos,50,9,21,80,62.5
1.0,2011,de 1 a 4 anos,7,2,6,15,46.67
1.0,2011,menores de 1 ano,34,4,20,58,58.62
1.0,2011,menores de 5 anos,41,6,26,73,56.16
1.0,2012,de 1 a 4 anos,7,1,5,13,53.85
1.0,2012,menores de 1 ano,38,2,10,50,76.0
1.0,2012,menores de 5 anos,45,3,15,63,71.43
1.0,2013,de 1 a 4 anos,4,1,5,10,40.0
1.0,2013,menores de 1 ano,45,1,17,63,71.43
1.0,2013,menores de 5 anos,49,2,22,73,67.12
1.0,2014,de 1 a 4 anos,4,0,3,7,57.14
1.0,2014,menores de 1 ano,36,1,13,50,72.0
1.0,2014,menores de 5 anos,40,1,16,57,70.18
1.0,2015,de 1 a 4 anos,5,0,3,8,62.5
1.0,2015,menores de 1 ano,48,2,17,67,71.64
1.0,2015,menores de 5 anos,53,2,20,75,70.67
1.0,2016,de 1 a 4 anos,1,0,4,5,20.0
1.0,2016,menores de 1 ano,37,2,8,47,78.72
1.0,2016,menores de 5 anos,38,2,12,52,73.08
1.0,2017,de 1 a 4 anos,3,1,4,8,37.5
1.0,2017,menores de 1 ano,40,0,10,50,80.0
1.0,2017,menores de 5 anos,43,1,14,58,74.14
1.0,2018,de 1 a 4 anos,2,0,6,8,25.0
1.0,2018,menores de 1 ano,28,0,11,39,71.79
1.0,2018,menores de 5 anos,30,0,17,47,63.83
1.0,2019,de 1 a 4 anos,6,0,8,14,42.86
1.0,2019,menores de 1 ano,27,2,18,47,57.45
1.0,2019,menores de 5 anos,33,2,26,61,54.1
1.0,2020,de 1 a 4 anos,2,0,2,4,50.0
1.0,2020,menores de 1 ano,27,0,10,37,72.97
1.0,2020,menores de 5 anos,29,0,12,41,70.73
1.0,2021,de 1 a 4 anos,3,0,3,6,50.0
1.0,2021,menores de 1 ano,33,1,13,47,70.21
1.0,2021,menores de 5 anos,36,1,16,53,67.92
1.0,2022,de 1 a 4 anos,1,1,7,9,11.11
1.0,2022,menores de 1 ano,33,2,9,44,75.0
1.0,2022,menores de 5 anos,34,3,16,53,64.15
1.0,2023,de 1 a 4 anos,5,0,4,9,55.56
1.0,2023,menores de 1 ano,22,0,10,32,68.75
1.0,2023,menores de 5 anos,27,0,14,41,65.85
1.0,2024,de 1 a 4 anos,2,1,3,6,33.33
1.0,2024,menores de 1 ano,33,1,2,36,91.67
1.0,2024,menores de 5 anos,35,2,5,42,83.33
1.0,2025,de 1 a 4 anos,1,0,4,5,20.0
1.0,2025,menores de 1 ano,27,0,11,38,71.05
1.0,2025,menores de 5 anos,28,0,15,43,65.12
2.1,2006,de 1 a 4 anos,3,0,4,7,42.86
2.1,2006,menores de 1 ano,40,3,19,62,64.52
2.1,2006,menores de 5 anos,43,3,23,69,62.32
2.1,2007,de 1 a 4 anos,3,1,10,14,21.43
2.1,2007,menores de 1 ano,36,0,17,53,67.92
2.1,2007,menores de 5 anos,39,1,27,67,58.21
2.1,2008,de 1 a 4 anos,3,1,4,8,37.5
2.1,2008,menores de 1 ano,35,2,24,61,57.38
2.1,2008,menores de 5 anos,38,3,28,69,55.07
2.1,2009,de 1 a 4 anos,1,0,7,8,12.5
2.1,2009,menores de 1 ano,42,2,7,51,82.35
2.1,2009,menores de 5 anos,43,2,14,59,72.88
2.1,2010,de 1 a 4 anos,8,1,6,15,53.33
2.1,2010,menores de 1 ano,42,0,15,57,73.68
2.1,2010,menores de 5 anos,50,1,21,72,69.44
2.1,2011,de 1 a 4 anos,2,2,5,9,22.22
2.1,2011,menores de 1 ano,42,3,13,58,72.41
2.1,2011,menores de 5 anos,44,5,18,67,65.67
2.1,2012,de 1 a 4 anos,3,1,2,6,50.0
2.1,2012,menores de 1 ano,24,1,16,41,58.54
2.1,2012,menores de 5 anos,27,2,18,47,57.45
2.1,2013,de 1 a 4 anos,2,1,6,9,22.22
2.1,2013,menores de 1 ano,40,0,19,59,67.8
2.1,2013,menores de 5 anos,42,1,25,68,61.76
2.1,2014,de 1 a 4 anos,2,1,2,5,40.0
2.1,2014,menores de 1 ano,42,2,14,58,72.41
2.1,2014,menores de 5 anos,44,3,16,63,69.84
2.1,2015,de 1 a 4 anos,7,0,5,12,58.33
2.1,2015,menores de 1 ano,21,3,24,48,43.75
2.1,2015,menores de 5 anos,28,3,29,60,46.67
2.1,2016,de 1 a 4 anos,3,0,4,7,42.86
2.1,2016,menores de 1 ano,29,1,19,49,59.18
2.1,2016,menores de 5 anos,32,1,23,56,57.14
2.1,2017,de 1 a 4 anos,4,1,6,11,36.36
2.1,2017,menores de 1 ano,25,1,17,43,58.14
2.1,2017,menores de 5 anos,29,2,23,54,53.7
2.1,2018,de 1 a 4 anos,5,0,2,7,71.43
2.1,2018,menores de 1 ano,28,0,21,49,57.14
2.1,2018,menores de 5 anos,33,0,23,56,58.93
2.1,2019,de 1 a 4 anos,3,0,6,9,33.33
2.1,2019,menores de 1 ano,25,2,16,43,58.14
2.1,2019,menores de 5 anos,28,2,22,52,53.85
2.1,2020,de 1 a 4 anos,2,0,4,6,33.33
2.1,2020,menores de 1 ano,30,0,13,43,69.77
2.1,2020,menores de 5 anos,32,0,17,49,65.31
2.1,2021,de 1 a 4 anos,2,1,4,7,28.57
2.1,2021,menores de 1 ano,29,1,12,42,69.05
2.1,2021,menores de 5 anos,31,2,16,49,63.27
2.1,2022,de 1 a 4 anos,1,2,2,5,20.0
2.1,2022,menores de 1 ano,21,1,8,30,70.0
2.1,2022,menores de 5 anos,22,3,10,35,62.86
2.1,2023,de 1 a 4 anos,2,0,2,4,50.0
2.1,2023,menores de 1 ano,20,1,14,35,57.14
2.1,2023,menores de 5 anos,22,1,16,39,56.41
2.1,2024,de 1 a 4 anos,2,0,1,3,66.67
2.1,2024,menores de 1 ano,23,1,17,41,56.1
2.1,2024,menores de 5 anos,25,1,18,44,56.82
2.1,2025,de 1 a 4 anos,2,0,1,3,66.67
2.1,2025,menores de 1 ano,12,4,16,32,37.5
2.1,2025,menores de 5 anos,14,4,17,35,40.0
2.2,2006,de 1 a 4 anos,5,0,7,12,41.67
2.2,2006,menores de 1 ano,26,2,7,35,74.29
2.2,2006,menores de 5 anos,31,2,14,47,65.96
2.2,2007,de 1 a 4 anos,4,1,8,13,30.77
2.2,2007,menores de 1 ano,34,3,10,47,72.34
2.2,2007,menores de 5 anos,38,4,18,60,63.33
2.2,2008,de 1 a 4 anos,4,0,3,7,57.14
2.2,2008,menores de 1 ano,26,1,13,40,65.0
2.2,2008,menores de 5 anos,30,1,16,47,63.83
2.2,2009,de 1 a 4 anos,3,1,5,9,33.33
2.2,2009,menores de 1 ano,28,1,14,43,65.12
2.2,2009,menores de 5 anos,31,2,19,52,59.62
2.2,2010,de 1 a 4 anos,2,3,4,9,22.22
2.2,2010,menores de 1 ano,19,1,10,30,63.33
2.2,2010,menores de 5 anos,21,4,14,39,53.85
2.2,2011,de 1 a 4 anos,2,0,2,4,50.0
2.2,2011,menores de 1 ano,18,1,16,35,51.43
2.2,2011,menores de 5 anos,20,1,18,39,51.28
2.2,2012,de 1 a 4 anos,2,1,6,9,22.22
2.2,2012,menores de 1 ano,18,0,12,30,60.0
2.2,2012,menores de 5 anos,20,1,18,39,51.28
2.2,2013,de 1 a 4 anos,3,0,5,8,37.5
2.2,2013,menores de 1 ano,20,1,11,32,62.5
2.2,2013,menores de 5 anos,23,1,16,40,57.5
2.2,2014,de 1 a 4 anos,1,0,8,9,11.11
2.2,2014,menores de 1 ano,11,1,8,20,55.0
2.2,2014,menores de 5 anos,12,1,16,29,41.38
2.2,2015,de 1 a 4 anos,3,0,5,8,37.5
2.2,2015,menores de 1 ano,18,1,12,31,58.06
2.2,2015,menores de 5 anos,21,1,17,39,53.85
2.2,2016,de 1 a 4 anos,1,0,5,6,16.67
2.2,2016,menores de 1 ano,19,1,9,29,65.52
2.2,2016,menores de 5 anos,20,1,14,35,57.14
2.2,2017,de 1 a 4 anos,3,0,3,6,50.0
2.2,2017,menores de 1 ano,22,1,11,34,64.71
2.2,2017,menores de 5 anos,25,1,14,40,62.5
2.2,2018,de 1 a 4 anos,4,1,4,9,44.44
2.2,2018,menores de 1 ano,20,1,15,36,55.56
2.2,2018,menores de 5 anos,24,2,19,45,53.33
2.2,2019,de 1 a 4 anos,1,1,1,3,33.33
2.2,2019,menores de 1 ano,19,1,5,25,76.0
2.2,2019,menores de 5 anos,20,2,6,28,71.43
2.2,2020,de 1 a 4 anos,1,0,3,4,25.0
2.2,2020,menores de 1 ano,16,1,9,26,61.54
2.2,2020,menores de 5 anos,17,1,12,30,56.67
2.2,2021,de 1 a 4 anos,1,1,2,4,25.0
2.2,2021,menores de 1 ano,17,0,8,25,68.0
2.2,2021,menores de 5 anos,18,1,10,29,62.07
2.2,2022,de 1 a 4 anos,0,0,2,2,0.0
2.2,2022,menores de 1 ano,19,1,5,25,76.0
2.2,2022,menores de 5 anos,19,1,7,27,70.37
2.2,2023,de 1 a 4 anos,5,0,0,5,100.0
2.2,2023,menores de 1 ano,16,0,5,21,76.19
2.2,2023,menores de 5 anos,21,0,5,26,80.77
2.2,2024,de 1 a 4 anos,1,0,0,1,100.0
2.2,2024,menores de 1 ano,18,0,6,24,75.0
2.2,2024,menores de 5 anos,19,0,6,25,76.0
2.2,2025,de 1 a 4 anos,6,0,0,6,100.0
2.2,2025,menores de 1 ano,9,0,5,14,64.29
2.2,2025,menores de 5 anos,15,0,5,20,75.0
3.1,2006,de 1 a 4 anos,12,3,11,26,46.15
3.1,2006,menores de 1 ano,93,9,32,134,69.4
3.1,2006,menores de 5 anos,105,12,43,160,65.62
3.1,2007,de 1 a 4 anos,13,1,8,22,59.09
3.1,2007,menores de 1 ano,111,7,37,155,71.61
3.1,2007,menores de 5 anos,124,8,45,177,70.06
3.1,2008,de 1 a 4 anos,18,2,12,32,56.25
3.1,2008,menores de 1 ano,107,6,52,165,64.85
3.1,2008,menores de 5 anos,125,8,64,197,63.45
3.1,2009,de 1 a 4 anos,13,1,7,21,61.9
3.1,2009,menores de 1 ano,111,6,41,158,70.25
3.1,2009,menores de 5 anos,124,7,48,179,69.27
3.1,2010,de 1 a 4 anos,24,0,11,35,68.57
3.1,2010,menores de 1 ano,89,13,31,133,66.92
3.1,2010,menores de 5 anos,113,13,42,168,67.26
3.1,2011,de 1 a 4 anos,14,5,9,28,50.0
3.1,2011,menores de 1 ano,88,9,45,142,61.97
3.1,2011,menores de 5 anos,102,14,54,170,60.0
3.1,2012,de 1 a 4 anos,8,2,13,23,34.78
3.1,2012,menores de 1 ano,97,13,45,155,62.58
3.1,2012,menores de 5 anos,105,15,58,178,58.99
3.1,2013,de 1 a 4 anos,4,3,3,10,40.0
3.1,2013,menores de 1 ano,118,8,39,165,71.52
3.1,2013,menores de 5 anos,122,11,42,175,69.71
3.1,2014,de 1 a 4 anos,12,1,8,21,57.14
3.1,2014,menores de 1 ano,84,7,46,137,61.31
3.1,2014,menores de 5 anos,96,8,54,158,60.76
3.1,2015,de 1 a 4 anos,12,3,4,19,63.16
3.1,2015,menores de 1 ano,114,6,37,157,72.61
3.1,2015,menores de 5 anos,126,9,41,176,71.59
3.1,2016,de 1 a 4 anos,15,1,14,30,50.0
3.1,2016,menores de 1 ano,124,5,39,168,73.81
3.1,2016,menores de 5 anos,139,6,53,198,70.2
3.1,2017,de 1 a 4 anos,17,0,11,28,60.71
3.1,2017,menores de 1 ano,99,5,33,137,72.26
3.1,2017,menores de 5 anos,116,5,44,165,70.3
3.1,2018,de 1 a 4 anos,13,0,10,23,56.52
3.1,2018,menores de 1 ano,99,8,36,143,69.23
3.1,2018,menores de 5 anos,112,8,46,166,67.47
3.1,2019,de 1 a 4 anos,9,0,16,25,36.0
3.1,2019,menores de 1 ano,91,4,36,131,69.47
3.1,2019,menores de 5 anos,100,4,52,156,64.1
3.1,2020,de 1 a 4 anos,9,1,4,14,64.29
3.1,2020,menores de 1 ano,91,5,38,134,67.91
3.1,2020,menores de 5 anos,100,6,42,148,67.57
3.1,2021,de 1 a 4 anos,9,1,9,19,47.37
3.1,2021,menores de 1 ano,69,2,26,97,71.13
3.1,2021,menores de 5 anos,78,3,35,116,67.24
3.1,2022,de 1 a 4 anos,6,2,13,21,28.57
3.1,2022,menores de 1 ano,74,3,41,118,62.71
3.1,2022,menores de 5 anos,80,5,54,139,57.55
3.1,2023,de 1 a 4 anos,8,0,8,16,50.0
3.1,2023,menores de 1 ano,89,3,36,128,69.53
3.1,2023,menores de 5 anos,97,3,44,144,67.36
3.1,2024,de 1 a 4 anos,5,0,8,13,38.46
3.1,2024,menores de 1 ano,79,3,31,113,69.91
3.1,2024,menores de 5 anos,84,3,39,126,66.67
3.1,2025,de 1 a 4 anos,8,1,9,18,44.44
3.1,2025,menores de 1 ano,64,3,30,97,65.98
3.1,2025,menores de 5 anos,72,4,39,115,62.61
3.2,2006,de 1 a 4 anos,11,2,6,19,57.89
3.2,2006,menores de 1 ano,68,3,22,93,73.12
3.2,2006,menores de 5 anos,79,5,28,112,70.54
3.2,2007,de 1 a 4 anos,8,1,9,18,44.44
3.2,2007,menores de 1 ano,64,7,27,98,65.31
3.2,2007,menores de 5 anos,72,8,36,116,62.07
3.2,2008,de 1 a 4 anos,6,0,11,17,35.29
3.2,2008,menores de 1 ano,62,5,20,87,71.26
3.2,2008,menores de 5 anos,68,5,31,104,65.38
3.2,2009,de 1 a 4 anos,10,0,6,16,62.5
3.2,2009,menores de 1 ano,68,4,34,106,64.15
3.2,2009,menores de 5 anos,78,4,40,122,63.93
3.2,2010,de 1 a 4 anos,5,2,10,17,29.41
3.2,2010,menores de 1 ano,56,4,26,86,65.12
3.2,2010,menores de 5 anos,61,6,36,103,59.22
3.2,2011,de 1 a 4 anos,3,1,7,11,27.27
3.2,2011,menores de 1 ano,55,3,30,88,62.5
3.2,2011,menores de 5 anos,58,4,37,99,58.59
3.2,2012,de 1 a 4 anos,11,1,5,17,64.71
3.2,2012,menores de 1 ano,53,4,25,82,64.63
3.2,2012,menores de 5 anos,64,5,30,99,64.65
3.2,2013,de 1 a 4 anos,9,0,8,17,52.94
3.2,2013,menores de 1 ano,53,4,28,85,62.35
3.2,2013,menores de 5 anos,62,4,36,102,60.78
3.2,2014,de 1 a 4 anos,11,0,9,20,55.0
3.2,2014,menores de 1 ano,49,7,24,80,61.25
3.2,2014,menores de 5 anos,60,7,33,100,60.0
3.2,2015,de 1 a 4 anos,4,0,2,6,66.67
3.2,2015,menores de 1 ano,52,1,33,86,60.47
3.2,2015,menores de 5 anos,56,1,35,92,60.87
3.2,2016,de 1 a 4 anos,8,2,6,16,50.0
3.2,2016,menores de 1 ano,57,2,19,78,73.08
3.2,2016,menores de 5 anos,65,4,25,94,69.15
3.2,2017,de 1 a 4 anos,6,3,8,17,35.29
3.2,2017,menores de 1 ano,47,3,26,76,61.84
3.2,2017,menores de 5 anos,53,6,34,93,56.99
3.2,2018,de 1 a 4 anos,5,1,6,12,41.67
3.2,2018,menores de 1 ano,41,4,19,64,64.06
3.2,2018,menores de 5 anos,46,5,25,76,60.53
3.2,2019,de 1 a 4 anos,7,2,11,20,35.0
3.2,2019,menores de 1 ano,42,3,21,66,63.64
3.2,2019,menores de 5 anos,49,5,32,86,56.98
3.2,2020,de 1 a 4 anos,3,0,7,10,30.0
3.2,2020,menores de 1 ano,39,0,18,57,68.42
3.2,2020,menores de 5 anos,42,0,25,67,62.69
3.2,2021,de 1 a 4 anos,3,3,2,8,37.5
3.2,2021,menores de 1 ano,45,0,14,59,76.27
3.2,2021,menores de 5 anos,48,3,16,67,71.64
3.2,2022,de 1 a 4 anos,6,4,6,16,37.5
3.2,2022,menores de 1 ano,36,0,14,50,72.0
3.2,2022,menores de 5 anos,42,4,20,66,63.64
3.2,2023,de 1 a 4 anos,8,1,6,15,53.33
3.2,2023,menores de 1 ano,37,1,17,55,67.27
3.2,2023,menores de 5 anos,45,2,23,70,64.29
3.2,2024,de 1 a 4 anos,4,0,3,7,57.14
3.2,2024,menores de 1 ano,32,0,21,53,60.38
3.2,2024,menores de 5 anos,36,0,24,60,60.0
3.2,2025,de 1 a 4 anos,4,2,9,15,26.67
3.2,2025,menores de 1 ano,34,0,18,52,65.38
3.2,2025,menores de 5 anos,38,2,27,67,56.72
3.3,2006,de 1 a 4 anos,10,6,12,28,35.71
3.3,2006,menores de 1 ano,120,11,38,169,71.01
3.3,2006,menores de 5 anos,130,17,50,197,65.99
3.3,2007,de 1 a 4 anos,21,1,4,26,80.77
3.3,2007,menores de 1 ano,116,10,37,163,71.17
3.3,2007,menores de 5 anos,137,11,41,189,72.49
3.3,2008,de 1 a 4 anos,12,4,9,25,48.0
3.3,2008,menores de 1 ano,133,2,58,193,68.91
3.3,2008,menores de 5 anos,145,6,67,218,66.51
3.3,2009,de 1 a 4 anos,20,0,11,31,64.52
3.3,2009,menores de 1 ano,124,2,46,172,72.09
3.3,2009,menores de 5 anos,144,2,57,203,70.94
3.3,2010,de 1 a 4 anos,19,4,16,39,48.72
3.3,2010,menores de 1 ano,115,13,66,194,59.28
3.3,2010,menores de 5 anos,134,17,82,233,57.51
3.3,2011,de 1 a 4 anos,9,4,9,22,40.91
3.3,2011,menores de 1 ano,113,4,43,160,70.62
3.3,2011,menores de 5 anos,122,8,52,182,67.03
3.3,2012,de 1 a 4 anos,14,4,13,31,45.16
3.3,2012,menores de 1 ano,122,10,44,176,69.32
3.3,2012,menores de 5 anos,136,14,57,207,65.7
3.3,2013,de 1 a 4 anos,14,2,15,31,45.16
3.3,2013,menores de 1 ano,139,8,46,193,72.02
3.3,2013,menores de 5 anos,153,10,61,224,68.3
3.3,2014,de 1 a 4 anos,12,1,7,20,60.0
3.3,2014,menores de 1 ano,116,7,44,167,69.46
3.3,2014,menores de 5 anos,128,8,51,187,68.45
3.3,2015,de 1 a 4 anos,12,1,8,21,57.14
3.3,2015,menores de 1 ano,135,7,45,187,72.19
3.3,2015,menores de 5 anos,147,8,53,208,70.67
3.3,2016,de 1 a 4 anos,13,2,14,29,44.83
3.3,2016,menores de 1 ano,95,7,44,146,65.07
3.3,2016,menores de 5 anos,108,9,58,175,61.71
3.3,2017,de 1 a 4 anos,12,2,11,25,48.0
3.3,2017,menores de 1 ano,107,5,42,154,69.48
3.3,2017,menores de 5 anos,119,7,53,179,66.48
3.3,2018,de 1 a 4 anos,9,1,8,18,50.0
3.3,2018,menores de 1 ano,135,2,41,178,75.84
3.3,2018,menores de 5 anos,144,3,49,196,73.47
3.3,2019,de 1 a 4 anos,7,4,14,25,28.0
3.3,2019,menores de 1 ano,116,5,52,173,67.05
3.3,2019,menores de 5 anos,123,9,66,198,62.12
3.3,2020,de 1 a 4 anos,9,0,12,21,42.86
3.3,2020,menores de 1 ano,85,5,20,110,77.27
3.3,2020,menores de 5 anos,94,5,32,131,71.76
3.3,2021,de 1 a 4 anos,15,0,9,24,62.5
3.3,2021,menores de 1 ano,101,2,37,140,72.14
3.3,2021,menores de 5 anos,116,2,46,164,70.73
3.3,2022,de 1 a 4 anos,11,4,16,31,35.48
3.3,2022,menores de 1 ano,90,2,41,133,67.67
3.3,2022,menores de 5 anos,101,6,57,164,61.59
3.3,2023,de 1 a 4 anos,15,0,9,24,62.5
3.3,2023,menores de 1 ano,91,3,39,133,68.42
3.3,2023,menores de 5 anos,106,3,48,157,67.52
3.3,2024,de 1 a 4 anos,8,0,6,14,57.14
3.3,2024,menores de 1 ano,55,1,39,95,57.89
3.3,2024,menores de 5 anos,63,1,45,109,57.8
3.3,2025,de 1 a 4 anos,12,1,7,20,60.0
3.3,2025,menores de 1 ano,84,2,25,111,75.68
3.3,2025,menores de 5 anos,96,3,32,131,73.28
4.0,2006,de 1 a 4 anos,20,5,13,38,52.63
4.0,2006,menores de 1 ano,89,8,31,128,69.53
4.0,2006,menores de 5 anos,109,13,44,166,65.66
4.0,2007,de 1 a 4 anos,8,3,12,23,34.78
4.0,2007,menores de 1 ano,85,4,41,130,65.38
4.0,2007,menores de 5 anos,93,7,53,153,60.78
4.0,2008,de 1 a 4 anos,15,1,11,27,55.56
4.0,2008,menores de 1 ano,95,9,31,135,70.37
4.0,2008,menores de 5 anos,110,10,42,162,67.9
4.0,2009,de 1 a 4 anos,12,1,19,32,37.5
4.0,2009,menores de 1 ano,103,9,37,149,69.13
4.0,2009,menores de 5 anos,115,10,56,181,63.54
4.0,2010,de 1 a 4 anos,15,4,5,24,62.5
4.0,2010,menores de 1 ano,117,5,50,172,68.02
4.0,2010,menores de 5 anos,132,9,55,196,67.35
4.0,2011,de 1 a 4 anos,15,7,16,38,39.47
4.0,2011,menores de 1 ano,98,8,36,142,69.01
4.0,2011,menores de 5 anos,113,15,52,180,62.78
4.0,2012,de 1 a 4 anos,14,3,7,24,58.33
4.0,2012,menores de 1 ano,106,6,52,164,64.63
4.0,2012,menores de 5 anos,120,9,59,188,63.83
4.0,2013,de 1 a 4 anos,10,4,13,27,37.04
4.0,2013,menores de 1 ano,83,8,49,140,59.29
4.0,2013,menores de 5 anos,93,12,62,167,55.69
4.0,2014,de 1 a 4 anos,8,3,13,24,33.33
4.0,2014,menores de 1 ano,93,7,49,149,62.42
4.0,2014,menores de 5 anos,101,10,62,173,58.38
4.0,2015,de 1 a 4 anos,8,3,12,23,34.78
4.0,2015,menores de 1 ano,106,9,47,162,65.43
4.0,2015,menores de 5 anos,114,12,59,185,61.62
4.0,2016,de 1 a 4 anos,6,2,13,21,28.57
4.0,2016,menores de 1 ano,110,10,43,163,67.48
4.0,2016,menores de 5 anos,116,12,56,184,63.04
4.0,2017,de 1 a 4 anos,9,2,20,31,29.03
4.0,2017,menores de 1 ano,94,13,46,153,61.44
4.0,2017,menores de 5 anos,103,15,66,184,55.98
4.0,2018,de 1 a 4 anos,3,0,14,17,17.65
4.0,2018,menores de 1 ano,102,5,32,139,73.38
4.0,2018,menores de 5 anos,105,5,46,156,67.31
4.0,2019,de 1 a 4 anos,8,1,11,20,40.0
4.0,2019,menores de 1 ano,86,4,36,126,68.25
4.0,2019,menores de 5 anos,94,5,47,146,64.38
4.0,2020,de 1 a 4 anos,6,1,8,15,40.0
4.0,2020,menores de 1 ano,84,4,41,129,65.12
4.0,2020,menores de 5 anos,90,5,49,144,62.5
4.0,2021,de 1 a 4 anos,10,0,7,17,58.82
4.0,2021,menores de 1 ano,85,5,34,124,68.55
4.0,2021,menores de 5 anos,95,5,41,141,67.38
4.0,2022,de 1 a 4 anos,12,2,11,25,48.0
4.0,2022,menores de 1 ano,78,3,35,116,67.24
4.0,2022,menores de 5 anos,90,5,46,141,63.83
4.0,2023,de 1 a 4 anos,19,1,11,31,61.29
4.0,2023,menores de 1 ano,78,1,46,125,62.4
4.0,2023,menores de 5 anos,97,2,57,156,62.18
4.0,2024,de 1 a 4 anos,10,0,9,19,52.63
4.0,2024,menores de 1 ano,71,5,30,106,66.98
4.0,2024,menores de 5 anos,81,5,39,125,64.8
4.0,2025,de 1 a 4 anos,7,2,9,18,38.89
4.0,2025,menores de 1 ano,89,4,39,132,67.42
4.0,2025,menores de 5 anos,96,6,48,150,64.0
5.1,2006,de 1 a 4 anos,7,5,10,22,31.82
5.1,2006,menores de 1 ano,110,8,38,156,70.51
5.1,2006,menores de 5 anos,117,13,48,178,65.73
5.1,2007,de 1 a 4 anos,8,1,13,22,36.36
5.1,2007,menores de 1 ano,81,3,39,123,65.85
5.1,2007,menores de 5 anos,89,4,52,145,61.38
5.1,2008,de 1 a 4 anos,3,0,11,14,21.43
5.1,2008,menores de 1 ano,89,3,30,122,72.95
5.1,2008,menores de 5 anos,92,3,41,136,67.65
5.1,2009,de 1 a 4 anos,7,1,12,20,35.0
5.1,2009,menores de 1 ano,109,1,31,141,77.3
5.1,2009,menores de 5 anos,116,2,43,161,72.05
5.1,2010,de 1 a 4 anos,9,1,13,23,39.13
5.1,2010,menores de 1 ano,90,1,41,132,68.18
5.1,2010,menores de 5 anos,99,2,54,155,63.87
5.1,2011,de 1 a 4 anos,6,0,8,14,42.86
5.1,2011,menores de 1 ano,99,4,47,150,66.0
5.1,2011,menores de 5 anos,105,4,55,164,64.02
5.1,2012,de 1 a 4 anos,5,1,6,12,41.67
5.1,2012,menores de 1 ano,123,0,41,164,75.0
5.1,2012,menores de 5 anos,128,1,47,176,72.73
5.1,2013,de 1 a 4 anos,9,1,10,20,45.0
5.1,2013,menores de 1 ano,104,2,31,137,75.91
5.1,2013,menores de 5 anos,113,3,41,157,71.97
5.1,2014,de 1 a 4 anos,11,1,6,18,61.11
5.1,2014,menores de 1 ano,73,1,38,112,65.18
5.1,2014,menores de 5 anos,84,2,44,130,64.62
5.1,2015,de 1 a 4 anos,9,1,4,14,64.29
5.1,2015,menores de 1 ano,95,2,32,129,73.64
5.1,2015,menores de 5 anos,104,3,36,143,72.73
5.1,2016,de 1 a 4 anos,13,2,11,26,50.0
5.1,2016,menores de 1 ano,76,2,37,115,66.09
5.1,2016,menores de 5 anos,89,4,48,141,63.12
5.1,2017,de 1 a 4 anos,9,0,6,15,60.0
5.1,2017,menores de 1 ano,67,1,29,97,69.07
5.1,2017,menores de 5 anos,76,1,35,112,67.86
5.1,2018,de 1 a 4 anos,11,1,8,20,55.0
5.1,2018,menores de 1 ano,60,2,34,96,62.5
5.1,2018,menores de 5 anos,71,3,42,116,61.21
5.1,2019,de 1 a 4 anos,8,0,7,15,53.33
5.1,2019,menores de 1 ano,75,0,24,99,75.76
5.1,2019,menores de 5 anos,83,0,31,114,72.81
5.1,2020,de 1 a 4 anos,9,1,7,17,52.94
5.1,2020,menores de 1 ano,70,6,33,109,64.22
5.1,2020,menores de 5 anos,79,7,40,126,62.7
5.1,2021,de 1 a 4 anos,3,2,10,15,20.0
5.1,2021,menores de 1 ano,66,4,31,101,65.35
5.1,2021,menores de 5 anos,69,6,41,116,59.48
5.1,2022,de 1 a 4 anos,5,1,7,13,38.46
5.1,2022,menores de 1 ano,43,1,17,61,70.49
5.1,2022,menores de 5 anos,48,2,24,74,64.86
5.1,2023,de 1 a 4 anos,11,1,11,23,47.83
5.1,2023,menores de 1 ano,56,1,15,72,77.78
5.1,2023,menores de 5 anos,67,2,26,95,70.53
5.1,2024,de 1 a 4 anos,10,0,6,16,62.5
5.1,2024,menores de 1 ano,55,0,25,80,68.75
5.1,2024,menores de 5 anos,65,0,31,96,67.71
5.1,2025,de 1 a 4 anos,9,1,6,16,56.25
5.1,2025,menores de 1 ano,48,1,23,72,66.67
5.1,2025,menores de 5 anos,57,2,29,88,64.77
5.2,2006,de 1 a 4 anos,8,5,11,24,33.33
5.2,2006,menores de 1 ano,96,8,43,147,65.31
5.2,2006,menores de 5 anos,104,13,54,171,60.82
5.2,2007,de 1 a 4 anos,11,4,14,29,37.93
5.2,2007,menores de 1 ano,95,5,36,136,69.85
5.2,2007,menores de 5 anos,106,9,50,165,64.24
5.2,2008,de 1 a 4 anos,15,4,6,25,60.0
5.2,2008,menores de 1 ano,98,6,38,142,69.01
5.2,2008,menores de 5 anos,113,10,44,167,67.66
5.2,2009,de 1 a 4 anos,13,0,13,26,50.0
5.2,2009,menores de 1 ano,89,6,30,125,71.2
5.2,2009,menores de 5 anos,102,6,43,151,67.55
5.2,2010,de 1 a 4 anos,16,2,5,23,69.57
5.2,2010,menores de 1 ano,91,6,30,127,71.65
5.2,2010,menores de 5 anos,107,8,35,150,71.33
5.2,2011,de 1 a 4 anos,8,0,10,18,44.44
5.2,2011,menores de 1 ano,95,5,38,138,68.84
5.2,2011,menores de 5 anos,103,5,48,156,66.03
5.2,2012,de 1 a 4 anos,15,1,12,28,53.57
5.2,2012,menores de 1 ano,88,2,33,123,71.54
5.2,2012,menores de 5 anos,103,3,45,151,68.21
5.2,2013,de 1 a 4 anos,10,0,8,18,55.56
5.2,2013,menores de 1 ano,86,2,35,123,69.92
5.2,2013,menores de 5 anos,96,2,43,141,68.09
5.2,2014,de 1 a 4 anos,11,1,11,23,47.83
5.2,2014,menores de 1 ano,91,0,39,130,70.0
5.2,2014,menores de 5 anos,102,1,50,153,66.67
5.2,2015,de 1 a 4 anos,17,0,11,28,60.71
5.2,2015,menores de 1 ano,85,1,29,115,73.91
5.2,2015,menores de 5 anos,102,1,40,143,71.33
5.2,2016,de 1 a 4 anos,7,1,14,22,31.82
5.2,2016,menores de 1 ano,90,2,37,129,69.77
5.2,2016,menores de 5 anos,97,3,51,151,64.24
5.2,2017,de 1 a 4 anos,13,0,13,26,50.0
5.2,2017,menores de 1 ano,86,1,42,129,66.67
5.2,2017,menores de 5 anos,99,1,55,155,63.87
5.2,2018,de 1 a 4 anos,10,0,8,18,55.56
5.2,2018,menores de 1 ano,85,1,38,124,68.55
5.2,2018,menores de 5 anos,95,1,46,142,66.9
5.2,2019,de 1 a 4 anos,10,1,10,21,47.62
5.2,2019,menores de 1 ano,86,2,36,124,69.35
5.2,2019,menores de 5 anos,96,3,46,145,66.21
5.2,2020,de 1 a 4 anos,10,2,13,25,40.0
5.2,2020,menores de 1 ano,96,3,39,138,69.57
5.2,2020,menores de 5 anos,106,5,52,163,65.03
5.2,2021,de 1 a 4 anos,11,1,9,21,52.38
5.2,2021,menores de 1 ano,81,6,26,113,71.68
5.2,2021,menores de 5 anos,92,7,35,134,68.66
5.2,2022,de 1 a 4 anos,9,0,12,21,42.86
5.2,2022,menores de 1 ano,78,0,36,114,68.42
5.2,2022,menores de 5 anos,87,0,48,135,64.44
5.2,2023,de 1 a 4 anos,19,2,9,30,63.33
5.2,2023,menores de 1 ano,68,0,28,96,70.83
5.2,2023,menores de 5 anos,87,2,37,126,69.05
5.2,2024,de 1 a 4 anos,7,2,10,19,36.84
5.2,2024,menores de 1 ano,51,5,32,88,57.95
5.2,2024,menores de 5 anos,58,7,42,107,54.21
5.2,2025,de 1 a 4 anos,7,0,8,15,46.67
5.2,2025,menores de 1 ano,67,0,33,100,67.0
5.2,2025,menores de 5 anos,74,0,41,115,64.35
5.3,2006,de 1 a 4 anos,10,8,7,25,40.0
5.3,2006,menores de 1 ano,57,8,24,89,64.04
5.3,2006,menores de 5 anos,67,16,31,114,58.77
5.3,2007,de 1 a 4 anos,9,3,5,17,52.94
5.3,2007,menores de 1 ano,60,7,29,96,62.5
5.3,2007,menores de 5 anos,69,10,34,113,61.06
5.3,2008,de 1 a 4 anos,8,3,6,17,47.06
5.3,2008,menores de 1 ano,63,6,24,93,67.74
5.3,2008,menores de 5 anos,71,9,30,110,64.55
5.3,2009,de 1 a 4 anos,7,3,8,18,38.89
5.3,2009,menores de 1 ano,77,7,26,110,70.0
5.3,2009,menores de 5 anos,84,10,34,128,65.62
5.3,2010,de 1 a 4 anos,5,1,3,9,55.56
5.3,2010,menores de 1 ano,60,2,22,84,71.43
5.3,2010,menores de 5 anos,65,3,25,93,69.89
5.3,2011,de 1 a 4 anos,8,0,6,14,57.14
5.3,2011,menores de 1 ano,68,3,24,95,71.58
5.3,2011,menores de 5 anos,76,3,30,109,69.72
5.3,2012,de 1 a 4 anos,10,1,7,18,55.56
5.3,2012,menores de 1 ano,81,0,24,105,77.14
5.3,2012,menores de 5 anos,91,1,31,123,73.98
5.3,2013,de 1 a 4 anos,7,2,9,18,38.89
5.3,2013,menores de 1 ano,88,4,18,110,80.0
5.3,2013,menores de 5 anos,95,6,27,128,74.22
5.3,2014,de 1 a 4 anos,4,1,8,13,30.77
5.3,2014,menores de 1 ano,84,1,26,111,75.68
5.3,2014,menores de 5 anos,88,2,34,124,70.97
5.3,2015,de 1 a 4 anos,7,1,5,13,53.85
5.3,2015,menores de 1 ano,93,2,18,113,82.3
5.3,2015,menores de 5 anos,100,3,23,126,79.37
5.3,2016,de 1 a 4 anos,8,1,6,15,53.33
5.3,2016,menores de 1 ano,101,1,32,134,75.37
5.3,2016,menores de 5 anos,109,2,38,149,73.15
5.3,2017,de 1 a 4 anos,8,1,9,18,44.44
5.3,2017,menores de 1 ano,52,0,20,72,72.22
5.3,2017,menores de 5 anos,60,1,29,90,66.67
5.3,2018,de 1 a 4 anos,10,1,10,21,47.62
5.3,2018,menores de 1 ano,65,2,28,95,68.42
5.3,2018,menores de 5 anos,75,3,38,116,64.66
5.3,2019,de 1 a 4 anos,8,2,6,16,50.0
5.3,2019,menores de 1 ano,68,2,25,95,71.58
5.3,2019,menores de 5 anos,76,4,31,111,68.47
5.3,2020,de 1 a 4 anos,4,0,4,8,50.0
5.3,2020,menores de 1 ano,61,3,31,95,64.21
5.3,2020,menores de 5 anos,65,3,35,103,63.11
5.3,2021,de 1 a 4 anos,8,0,4,12,66.67
5.3,2021,menores de 1 ano,61,4,22,87,70.11
5.3,2021,menores de 5 anos,69,4,26,99,69.7
5.3,2022,de 1 a 4 anos,10,0,3,13,76.92
5.3,2022,menores de 1 ano,45,1,30,76,59.21
5.3,2022,menores de 5 anos,55,1,33,89,61.8
5.3,2023,de 1 a 4 anos,7,0,6,13,53.85
5.3,2023,menores de 1 ano,46,0,24,70,65.71
5.3,2023,menores de 5 anos,53,0,30,83,63.86
5.3,2024,de 1 a 4 anos,7,0,6,13,53.85
5.3,2024,menores de 1 ano,50,0,22,72,69.44
5.3,2024,menores de 5 anos,57,0,28,85,67.06
5.3,2025,de 1 a 4 anos,10,0,6,16,62.5
5.3,2025,menores de 1 ano,57,1,18,76,75.0
5.3,2025,menores de 5 anos,67,1,24,92,72.83
