Bairro Residencia;2011;2012;2013;2014;2015;2016;2017;2018;2019;2020;2021;2022;2023;2024;2025;Total
001 SAUDE;0;0;0;0;1;0;0;0;0;0;1;0;0;0;0;2
002 GAMBOA;0;0;0;2;3;0;0;0;0;1;0;1;1;0;0;8
003 SANTO CRISTO;0;0;0;2;3;1;1;1;2;2;2;1;1;0;0;16
004 CAJU;1;0;1;0;3;1;1;1;2;4;0;0;0;0;0;14
005 CENTRO;0;0;1;8;4;1;3;4;4;4;9;2;0;0;0;40
006 CATUMBI;0;0;0;2;2;0;2;1;4;2;2;0;0;0;1;16
007 RIO COMPRIDO;0;0;1;5;11;2;10;3;4;8;7;2;0;0;0;53
008 CIDADE NOVA;0;0;0;0;3;0;0;0;0;1;0;0;0;0;0;4
009 ESTACIO;0;0;0;3;4;2;2;1;1;3;0;1;1;0;0;18
010 SAO CRISTOVAO;0;0;2;6;5;1;2;2;4;6;2;3;0;0;0;33
011 MANGUEIRA;0;0;1;0;0;0;1;0;0;0;0;1;0;0;0;3
012 BENFICA;0;0;0;0;4;2;4;3;3;1;0;0;0;0;0;17
013 PAQUETA;0;0;0;1;2;0;0;1;0;1;0;0;0;0;0;5
014 SANTA TERESA;0;0;0;11;15;3;1;5;2;12;1;3;0;1;1;55
015 FLAMENGO;0;0;0;17;19;8;18;14;6;30;19;17;1;0;0;149
016 GLORIA;0;0;0;1;4;0;3;2;2;5;1;4;0;0;0;22
017 LARANJEIRAS;0;1;0;9;29;7;10;13;13;38;21;14;0;0;0;155
018 CATETE;0;0;0;6;14;2;4;0;6;8;5;4;1;0;0;50
019 COSME VELHO;0;0;0;4;3;2;6;0;0;6;1;2;0;0;1;25
020 BOTAFOGO;0;0;0;25;44;12;13;28;16;61;33;29;1;1;0;263
021 HUMAITA;0;0;0;5;6;1;2;4;6;10;5;7;1;0;0;47
022 URCA;0;0;0;0;4;0;0;3;0;3;6;2;0;0;0;18
023 LEME;0;0;0;2;9;2;3;1;0;11;4;3;0;0;0;35
024 COPACABANA;0;0;0;31;82;24;35;36;27;76;33;37;0;0;1;382
025 IPANEMA;0;0;1;6;20;2;5;12;7;27;21;12;1;0;0;114
026 LEBLON;1;0;0;10;20;7;8;13;4;40;26;31;1;0;0;161
027 LAGOA;0;0;0;5;7;2;3;1;5;11;5;16;2;0;0;57
028 JARDIM BOTANICO;0;0;0;5;12;3;1;4;5;17;3;11;0;0;0;61
029 GAVEA;0;0;0;3;16;6;10;8;8;14;11;11;1;0;0;88
030 VIDIGAL;1;0;0;4;19;9;8;7;30;16;6;5;0;0;0;105
031 SAO CONRADO;0;0;0;1;0;1;0;2;4;6;6;2;0;0;0;22
032 PRACA DA BANDEIRA;0;0;0;1;4;1;2;3;2;2;2;0;0;0;0;17
033 TIJUCA;0;0;0;29;63;10;18;27;12;64;27;28;0;0;0;278
034 ALTO DA BOA VISTA;0;0;0;0;1;2;0;2;2;1;2;0;0;0;0;10
035 MARACANA;0;0;0;7;12;1;5;6;1;11;7;12;0;0;0;62
036 VILA ISABEL;1;0;0;8;23;9;8;16;2;26;10;11;0;1;0;115
037 ANDARAI;1;0;0;9;6;4;2;2;3;11;7;7;0;0;0;52
038 GRAJAU;0;0;0;7;20;1;1;6;4;12;10;12;0;0;0;73
039 MANGUINHOS;0;0;0;1;5;2;0;0;0;2;1;3;0;0;0;14
040 BONSUCESSO;0;0;1;0;5;1;1;2;1;8;3;2;0;0;0;24
041 RAMOS;0;1;0;2;4;4;1;1;2;3;1;2;0;1;1;23
042 OLARIA;0;0;2;1;6;2;0;1;2;4;1;1;0;0;1;21
043 PENHA;0;0;0;6;6;3;4;5;4;6;5;2;0;0;0;41
044 PENHA CIRCULAR;0;0;1;0;5;0;5;2;0;2;3;1;1;0;0;20
045 BRAS DE PINA;0;0;1;4;8;1;3;4;4;3;2;3;1;0;0;34
046 CORDOVIL;0;0;0;0;9;2;5;3;4;1;2;1;0;1;0;28
047 PARADA DE LUCAS;0;0;0;0;7;1;1;4;6;3;1;1;0;0;0;24
048 VIGARIO GERAL;0;0;0;0;2;1;1;2;0;2;1;1;0;0;0;10
049 JARDIM AMERICA;0;0;0;0;9;1;3;2;2;2;4;1;0;0;0;24
050 HIGIENOPOLIS;0;0;0;0;1;1;0;2;0;1;3;1;0;0;0;9
051 JACARE;0;0;0;1;2;1;0;0;1;0;1;0;0;0;0;6
052 MARIA DA GRACA;0;0;0;2;1;1;0;0;0;0;0;0;0;0;0;4
053 DEL CASTILHO;0;0;0;2;3;0;1;3;3;4;4;0;0;0;1;21
054 INHAUMA;0;0;0;3;3;0;1;1;1;2;1;2;0;0;0;14
055 ENGENHO DA RAINHA;0;1;0;1;7;0;3;2;3;2;1;3;0;0;0;23
056 TOMAS COELHO;0;0;0;2;2;1;0;2;2;3;3;1;1;0;0;17
057 SAO FRANCISCO XAVIER;0;0;0;0;0;0;3;0;0;0;1;0;0;0;0;4
058 ROCHA;0;0;0;1;0;1;1;1;1;1;2;5;0;0;0;13
059 RIACHUELO;0;0;0;1;4;2;1;1;2;1;6;2;0;0;0;20
060 SAMPAIO;0;0;0;2;2;0;0;0;0;1;0;2;0;0;0;7
061 ENGENHO NOVO;0;0;0;4;6;0;2;3;1;3;4;1;0;0;0;24
062 LINS DE VASCONCELOS;0;0;0;1;3;2;2;2;2;5;1;3;0;0;0;21
063 MEIER;0;0;0;7;17;2;3;3;6;4;3;4;0;0;0;49
064 TODOS OS SANTOS;0;0;0;0;3;0;0;2;1;6;3;3;0;0;0;18
065 CACHAMBI;0;0;1;6;5;3;2;6;1;6;7;4;0;0;1;42
066 ENGENHO DE DENTRO;0;0;0;3;5;2;4;8;0;5;5;6;0;0;0;38
067 AGUA SANTA;0;0;0;0;1;0;0;1;0;0;1;0;0;0;0;3
068 ENCANTADO;0;0;0;1;2;1;0;1;0;1;1;1;0;0;0;8
069 PIEDADE;0;0;0;2;3;1;4;1;2;4;0;0;0;0;0;17
070 ABOLICAO;0;0;0;1;1;0;0;0;1;0;0;0;0;0;0;3
071 PILARES;0;0;0;0;3;2;2;1;1;4;0;0;0;0;0;13
072 VILA KOSMOS;0;0;0;0;1;1;0;2;1;6;0;0;0;0;0;11
073 VICENTE DE CARVALHO;1;0;0;2;6;1;5;7;5;5;2;4;0;0;1;39
074 VILA DA PENHA;0;1;1;1;7;2;3;4;2;6;6;0;0;0;0;33
075 VISTA ALEGRE;0;0;0;2;0;0;1;1;0;3;2;0;0;0;0;9
076 IRAJA;0;1;1;3;20;7;12;11;18;11;9;2;0;1;0;96
077 COLEGIO;0;0;1;1;14;5;10;11;9;2;0;1;0;0;0;54
078 CAMPINHO;0;0;0;1;5;1;13;11;8;2;0;0;0;0;0;41
079 QUINTINO BOCAIUVA;0;0;0;2;3;2;10;4;8;3;1;3;0;0;0;36
080 CAVALCANTE;0;0;0;0;3;5;6;3;4;1;1;1;0;0;1;25
081 ENGENHEIRO LEAL;0;0;0;0;1;0;1;0;6;0;0;0;0;0;0;8
082 CASCADURA;0;0;1;1;11;4;16;10;13;5;2;2;0;0;0;65
083 MADUREIRA;0;0;0;2;16;6;38;25;20;12;0;2;0;0;0;121
084 VAZ LOBO;0;0;1;0;6;3;4;6;5;0;0;0;0;0;0;25
085 TURIACU;0;0;0;0;4;1;5;5;8;8;0;0;0;0;0;31
086 ROCHA MIRANDA;0;0;0;1;20;14;18;9;15;6;2;2;0;0;0;87
087 HONORIO GURGEL;0;0;0;0;11;9;12;6;9;1;1;0;0;0;0;49
088 OSWALDO CRUZ;0;0;0;0;8;6;30;15;8;5;1;0;0;0;0;73
089 BENTO RIBEIRO;0;0;0;2;12;12;55;25;23;9;2;1;0;0;0;141
090 MARECHAL HERMES;0;0;1;0;18;24;50;29;31;15;0;0;1;0;0;169
091 RIBEIRA;0;0;0;0;2;0;0;0;1;1;3;0;1;0;0;8
092 ZUMBI;0;0;0;0;0;0;0;1;0;0;0;1;0;0;0;2
093 CACUIA;0;0;1;2;4;0;0;0;1;1;1;1;0;1;0;12
094 PITANGUEIRAS;0;0;0;1;1;1;0;0;1;2;0;0;0;0;0;6
095 PRAIA DA BANDEIRA;0;0;0;0;2;0;1;0;2;2;1;0;0;0;0;8
096 COCOTA;0;0;0;3;1;0;0;0;1;0;2;0;0;0;0;7
097 BANCARIOS;0;0;1;1;1;0;0;0;1;1;1;0;0;0;0;6
098 FREGUESIA-ILHA;0;0;0;1;4;0;1;0;0;4;2;1;0;0;0;13
099 JARDIM GUANABARA;0;0;0;3;5;1;7;3;1;9;6;7;0;0;0;42
100 JARDIM CARIOCA;0;0;1;2;4;1;2;0;1;3;4;0;0;1;0;19
101 TAUA;0;0;0;1;0;2;1;1;2;1;0;0;0;1;0;9
102 MONERO;0;0;0;1;0;0;0;0;0;2;1;0;0;2;0;6
103 PORTUGUESA;0;0;1;1;4;1;1;1;1;3;1;3;0;0;0;17
104 GALEAO;0;0;1;2;1;1;0;2;0;3;1;3;0;1;0;15
105 CIDADE UNIVERSITARIA;1;0;0;0;1;0;0;0;0;0;0;0;0;0;0;2
106 GUADALUPE;0;0;0;1;23;41;52;35;39;7;1;1;1;0;0;201
107 ANCHIETA;0;1;0;0;35;46;100;55;64;20;1;2;1;0;0;325
108 PARQUE ANCHIETA;0;0;0;1;3;6;21;9;5;4;1;0;0;0;1;51
109 RICARDO ALBUQUERQUE;0;0;1;2;10;12;45;21;22;10;1;0;1;0;0;125
110 COELHO NETO;0;0;0;1;10;7;16;14;8;2;0;0;1;0;0;59
111 ACARI;0;0;1;0;16;0;2;6;2;3;0;0;0;0;0;30
112 BARROS FILHO;0;0;0;0;3;7;6;10;6;4;1;0;0;0;0;37
113 COSTA BARROS;0;0;1;0;13;10;20;22;14;9;0;1;0;0;0;90
114 PAVUNA;0;0;0;1;15;18;24;14;24;15;0;1;2;0;4;118
115 JACAREPAGUA;0;0;1;27;154;58;47;37;107;103;49;21;2;0;3;609
116 ANIL;0;0;0;1;2;1;0;3;3;5;0;2;0;1;1;19
117 GARDENIA AZUL;0;0;1;1;0;1;2;2;1;1;0;0;1;0;1;11
118 CIDADE DE DEUS;0;0;0;0;0;0;2;1;0;3;1;0;1;0;1;9
119 CURICICA;0;0;0;2;3;3;4;5;2;1;0;0;2;0;0;22
120 FREGUESIA-JPA;0;0;0;7;9;3;5;3;4;13;2;4;2;0;0;52
121 PECHINCHA;0;0;0;1;5;0;1;0;2;3;0;2;0;1;0;15
122 TAQUARA;0;0;0;8;9;7;10;11;13;11;6;1;1;0;1;78
123 TANQUE;0;1;0;0;5;1;4;12;6;5;1;1;0;0;0;36
124 PRACA SECA;0;1;0;1;16;3;16;16;25;15;4;0;0;0;0;97
125 VILA VALQUEIRE;0;0;0;1;7;4;8;8;3;3;1;3;1;2;0;41
126 JOA;0;0;0;1;0;0;0;0;0;1;0;0;0;0;0;2
127 ITANHANGA;0;0;0;3;21;9;19;11;28;27;12;2;1;0;1;134
128 BARRA DA TIJUCA;0;0;1;7;18;8;16;16;6;47;26;21;2;0;1;169
129 CAMORIM;0;0;0;0;1;0;0;0;0;3;0;0;0;0;0;4
130 VARGEM PEQUENA;0;0;0;1;2;0;0;1;2;0;0;0;0;0;1;7
131 VARGEM GRANDE;0;0;0;0;0;1;0;1;2;0;0;3;0;0;1;8
132 RECREIO BANDEIRANTES;0;0;0;4;7;1;4;6;3;22;16;6;2;1;3;75
134 DEODORO;0;0;0;0;7;6;13;6;2;2;0;0;0;0;0;36
135 VILA MILITAR;0;0;0;0;0;0;3;5;5;0;0;1;1;0;0;15
137 JARDIM SULACAP;0;0;0;0;1;2;0;0;0;0;1;1;0;0;2;7
138 MAGALHAES BASTOS;0;0;0;1;2;0;1;1;1;1;0;1;1;0;1;10
139 REALENGO;0;0;1;1;6;6;7;8;4;0;6;4;1;1;2;47
140 PADRE MIGUEL;0;0;0;1;1;0;2;3;1;1;1;0;0;0;0;10
141 BANGU;0;1;0;5;9;7;6;3;6;7;3;4;0;0;4;55
142 SENADOR CAMARA;0;0;2;3;4;0;3;1;1;5;2;3;0;0;0;24
143 SANTISSIMO;0;0;0;0;3;0;2;1;1;4;1;0;0;0;0;12
144 CAMPO GRANDE;0;0;1;7;9;11;10;10;10;25;17;24;3;1;33;161
145 SENADOR VASCONCELOS;0;0;0;0;0;0;0;0;0;0;1;1;1;0;1;4
146 INHOAIBA;0;0;0;0;1;0;0;2;1;6;4;3;0;0;1;18
147 COSMOS;0;0;0;2;3;2;2;3;5;5;10;3;0;0;7;42
148 PACIENCIA;0;0;0;0;26;16;33;21;11;3;6;6;1;0;2;125
149 SANTA CRUZ;0;0;0;3;4;4;11;19;8;4;11;10;4;3;5;86
150 SEPETIBA;0;0;1;1;2;2;2;1;1;1;1;1;0;1;1;15
151 GUARATIBA;0;0;0;0;2;6;5;5;4;10;6;2;0;1;14;55
152 BARRA DE GUARATIBA;0;0;0;0;0;0;0;0;0;1;0;0;0;0;0;1
153 PEDRA DE GUARATIBA;0;0;0;0;3;1;0;2;0;0;1;1;0;0;1;9
154 ROCINHA;1;0;0;23;115;51;45;25;106;92;34;15;0;0;0;507
155 JACAREZINHO;0;0;0;0;2;0;0;0;0;0;0;0;1;0;0;3
156 COMPLEXO DO ALEMAO;1;0;0;0;1;3;0;0;1;0;0;0;1;0;0;7
157 COMPLEXO DA MARE;0;0;3;5;7;3;1;1;3;3;0;1;1;0;0;28
158 PARQUE COLUMBIA;0;0;0;0;3;0;1;0;0;0;0;0;0;0;0;4
159 VASCO DA GAMA;0;0;0;0;3;0;0;1;0;1;1;0;0;0;0;6
161 LAPA;0;0;0;0;0;0;0;0;1;0;0;0;0;0;0;1
164 ILHA DE GUARATIBA;0;0;0;0;0;0;0;0;0;0;0;0;0;0;1;1
998 ILHA DO GOVERNADOR - IGNORADO;0;0;0;0;0;0;0;3;1;0;0;0;0;0;0;4
999 IGNORADO BAIRRO-MRJ;0;0;0;0;0;0;1;8;11;3;1;1;1;0;0;26
EM BRANCO;0;0;0;0;0;0;0;0;0;0;0;55;5;6;12;78
Total;9;9;38;448;1434;644;1119;938;1024;1283;648;589;59;30;116;8388
