bairro;codbairro;codbnum;regiao_adm;codra;ra;rp;cod_rp;ap;area_plane;0 a 4 anos;5 a 9 anos;10 a 14 anos;15 a 19 anos;20 a 24 anos;25 a 29 anos;30 a 39 anos;40 a 49 anos;50 a 59 anos;60 a 69 anos;70 anos ou mais
Saúde;1;1;PORTUARIA;1;I Portuária;Centro;1.1;Área de Planejamento 1;1;54;71;74;88;103;138;274;255;216;213;151
Gamboa;2;2;PORTUARIA;1;I Portuária;Centro;1.1;Área de Planejamento 1;1;669;752;728;759;983;967;1826;1719;1333;1037;640
Santo Cristo;3;3;PORTUARIA;1;I Portuária;Centro;1.1;Área de Planejamento 1;1;534;567;585;692;853;767;1449;1459;1179;1051;800
Caju;4;4;PORTUARIA;1;I Portuária;Centro;1.1;Área de Planejamento 1;1;1529;1747;1651;1696;1992;1908;4044;3796;2669;1818;1208
Centro;5;5;CENTRO;2;II Centro;Centro;1.1;Área de Planejamento 1;1;622;599;650;825;1326;1963;4123;3504;3313;3232;3342
Catumbi;6;6;RIO COMPRIDO;3;III Rio Comprido;Centro;1.1;Área de Planejamento 1;1;662;736;786;802;987;1065;1753;1732;1482;1145;1051
Rio Comprido;7;7;RIO COMPRIDO;3;III Rio Comprido;Centro;1.1;Área de Planejamento 1;1;1908;2388;2151;2192;2983;3060;6439;6071;5029;4143;3482
Cidade Nova;8;8;RIO COMPRIDO;3;III Rio Comprido;Centro;1.1;Área de Planejamento 1;1;211;252;272;283;383;400;672;716;616;532;408
Estácio;9;9;RIO COMPRIDO;3;III Rio Comprido;Centro;1.1;Área de Planejamento 1;1;1280;1645;1199;1222;1605;1841;4177;3549;2829;2247;1645
Imperial de São Cristóvão;10;10;SAO CRISTOVAO;7;VII São Cristóvão;Centro;1.1;Área de Planejamento 1;1;1257;1410;1438;1494;1759;1817;4025;4117;3265;2792;2518
Mangueira;11;11;SAO CRISTOVAO;7;VII São Cristóvão;Centro;1.1;Área de Planejamento 1;1;1228;1424;1412;1453;1686;1539;2783;2429;1983;1488;945
Benfica;12;12;SAO CRISTOVAO;7;VII São Cristóvão;Centro;1.1;Área de Planejamento 1;1;1055;1333;1243;1353;1563;1566;3195;3128;2680;2117;1721
Paquetá;13;13;PAQUETA;21;XXI Paquetá;Centro;1.1;Área de Planejamento 1;1;145;159;159;170;192;185;394;420;489;616;555
Santa Teresa;14;14;SANTA TEREZA;23;XXIII Santa Teresa;Centro;1.1;Área de Planejamento 1;1;1594;1846;1751;1808;2496;3055;6214;5582;4689;3966;3154
Flamengo;15;15;BOTAFOGO;4;IV Botafogo;Zona Sul;2.1;Área de Planejamento 2;2;1210;1314;1285;1384;1980;3009;7068;6101;5578;5898;8231
Glória;16;16;BOTAFOGO;4;IV Botafogo;Zona Sul;2.1;Área de Planejamento 2;2;169;168;150;192;317;622;1330;1064;936;1015;1151
Laranjeiras;17;17;BOTAFOGO;4;IV Botafogo;Zona Sul;2.1;Área de Planejamento 2;2;1389;1737;1600;1596;1934;2430;5827;6207;5349;5317;6293
Catete;18;18;BOTAFOGO;4;IV Botafogo;Zona Sul;2.1;Área de Planejamento 2;2;830;948;906;968;1341;1771;3886;3351;2794;2462;3019
Cosme Velho;19;19;BOTAFOGO;4;IV Botafogo;Zona Sul;2.1;Área de Planejamento 2;2;325;391;378;386;420;397;856;962;772;755;762
Botafogo;20;20;BOTAFOGO;4;IV Botafogo;Zona Sul;2.1;Área de Planejamento 2;2;2761;3173;3043;2981;4238;5922;13211;11936;9767;9225;10703
Humaitá;21;21;BOTAFOGO;4;IV Botafogo;Zona Sul;2.1;Área de Planejamento 2;2;454;536;529;506;522;754;1937;2108;1691;1823;2184
Urca;22;22;BOTAFOGO;4;IV Botafogo;Zona Sul;2.1;Área de Planejamento 2;2;252;289;227;222;228;258;791;966;664;569;745
Leme;23;23;COPACABANA;5;V Copacabana;Zona Sul;2.1;Área de Planejamento 2;2;422;456;450;464;681;879;1958;1760;1631;1567;2194
Copacabana;24;24;COPACABANA;5;V Copacabana;Zona Sul;2.1;Área de Planejamento 2;2;3528;4019;3986;4456;6685;9168;19900;17784;16862;17823;24380
Ipanema;25;25;LAGOA;6;VI Lagoa;Zona Sul;2.1;Área de Planejamento 2;2;1314;1412;1389;1389;1684;2190;5439;5269;4956;5027;7300
Leblon;26;26;LAGOA;6;VI Lagoa;Zona Sul;2.1;Área de Planejamento 2;2;1199;1360;1443;1385;1617;1947;4950;5556;4930;5426;7877
Lagoa;27;27;LAGOA;6;VI Lagoa;Zona Sul;2.1;Área de Planejamento 2;2;772;816;852;753;795;800;2320;2863;2578;2815;3298
Jardim Botânico;28;28;LAGOA;6;VI Lagoa;Zona Sul;2.1;Área de Planejamento 2;2;587;695;704;703;832;891;2064;2401;2333;2161;2494
Gávea;29;29;LAGOA;6;VI Lagoa;Zona Sul;2.1;Área de Planejamento 2;2;459;664;682;656;769;782;1852;2179;1827;1920;2384
Vidigal;30;30;LAGOA;6;VI Lagoa;Zona Sul;2.1;Área de Planejamento 2;2;853;995;967;1094;1370;1400;2456;2186;1724;1191;876
São Conrado;31;31;LAGOA;6;VI Lagoa;Zona Sul;2.1;Área de Planejamento 2;2;337;434;424;440;529;574;1268;1456;1288;1335;1650
Praça da Bandeira;32;32;TIJUCA;8;VIII Tijuca;Tijuca;2.2;Área de Planejamento 2;2;261;263;282;303;424;532;1165;978;1000;929;1077
Tijuca;33;33;TIJUCA;8;VIII Tijuca;Tijuca;2.2;Área de Planejamento 2;2;4764;5782;5738;6180;7969;9595;19867;20153;19295;19187;23520
Alto da Boa Vista;34;34;TIJUCA;8;VIII Tijuca;Tijuca;2.2;Área de Planejamento 2;2;418;497;477;605;730;692;1301;1461;1340;1235;1036
Maracanã;35;35;VILA ISABEL;9;IX Vila Isabel;Tijuca;2.2;Área de Planejamento 2;2;837;877;954;1009;1362;1604;3608;3463;3096;3195;3483
Vila Isabel;36;36;VILA ISABEL;9;IX Vila Isabel;Tijuca;2.2;Área de Planejamento 2;2;2358;2815;2836;3056;3818;4501;9799;9433;8719;8858;9580
Andaraí;37;37;VILA ISABEL;9;IX Vila Isabel;Tijuca;2.2;Área de Planejamento 2;2;1336;1572;1494;1589;1998;2428;5216;5088;4533;4508;4808
Grajaú;38;38;VILA ISABEL;9;IX Vila Isabel;Tijuca;2.2;Área de Planejamento 2;2;1238;1527;1481;1491;1814;1960;4488;4884;4515;4465;4951
Manguinhos;39;39;RAMOS;10;X Ramos;Ramos;3.1;Área de Planejamento 3;3;1915;2245;2303;2376;2717;2559;4357;3916;2926;2235;1303
Bonsucesso;40;40;RAMOS;10;X Ramos;Ramos;3.1;Área de Planejamento 3;3;672;811;805;902;1151;1192;2361;2449;2361;2153;2009
Ramos;41;41;RAMOS;10;X Ramos;Ramos;3.1;Área de Planejamento 3;3;1527;1731;1768;1923;2355;2344;4654;4970;4748;4364;4068
Olaria;42;42;RAMOS;10;X Ramos;Ramos;3.1;Área de Planejamento 3;3;2133;2661;2781;2935;3407;3477;6774;7338;7122;6204;6390
Penha;43;43;PENHA;11;XI Penha;Penha;3.5;Área de Planejamento 3;3;2958;3515;3069;3436;4208;4278;8942;8125;7336;6821;5823
Penha Circular;44;44;PENHA;11;XI Penha;Penha;3.5;Área de Planejamento 3;3;1639;1871;1718;1910;2536;2333;5303;5485;5001;4598;4320
Brás de Pina;45;45;PENHA;11;XI Penha;Penha;3.5;Área de Planejamento 3;3;1760;2094;1982;2189;2659;2662;5054;5450;5331;4554;4031
Cordovil;46;46;VIGARIO GERAL;31;XXXI Vigário Geral;Penha;3.5;Área de Planejamento 3;3;1641;2060;1900;1958;2421;2247;4444;4666;4379;3630;3095
Parada de Lucas;47;47;VIGARIO GERAL;31;XXXI Vigário Geral;Penha;3.5;Área de Planejamento 3;3;1171;1286;1309;1356;1469;1460;3219;2915;2341;1803;1341
Vigário Geral;48;48;VIGARIO GERAL;31;XXXI Vigário Geral;Penha;3.5;Área de Planejamento 3;3;2050;2299;2298;2433;2813;2628;4815;4629;4245;3548;2444
Jardim América;49;49;VIGARIO GERAL;31;XXXI Vigário Geral;Penha;3.5;Área de Planejamento 3;3;908;1093;1090;1195;1440;1392;2930;2876;3000;2637;2126
Higienópolis;50;50;INHAUMA;12;XII Inhaúma;Inhaúma;3.4;Área de Planejamento 3;3;503;669;675;744;852;955;2167;2211;1974;1855;1622
Jacaré;51;51;MEIER;13;XIII Méier;Méier;3.2;Área de Planejamento 3;3;443;544;547;552;628;622;1174;1160;1025;807;690
Maria da Graça;52;52;INHAUMA;12;XII Inhaúma;Inhaúma;3.4;Área de Planejamento 3;3;277;284;326;333;421;532;1101;1139;956;963;875
Del Castilho;53;53;INHAUMA;12;XII Inhaúma;Inhaúma;3.4;Área de Planejamento 3;3;991;1071;1003;1025;1324;1644;4050;3407;2395;2025;1660
Inhaúma;54;54;INHAUMA;12;XII Inhaúma;Inhaúma;3.4;Área de Planejamento 3;3;1718;2120;2217;2352;2630;2655;5366;5255;4908;4269;3743
Engenho da Rainha;55;55;INHAUMA;12;XII Inhaúma;Inhaúma;3.4;Área de Planejamento 3;3;1130;1400;1438;1411;1624;1733;3644;3709;3045;2659;2392
Tomás Coelho;56;56;INHAUMA;12;XII Inhaúma;Inhaúma;3.4;Área de Planejamento 3;3;1135;1289;1239;1304;1436;1562;3137;3007;2537;1967;1722
São Francisco Xavier;57;57;MEIER;13;XIII Méier;Méier;3.2;Área de Planejamento 3;3;255;312;352;322;434;507;1023;989;828;745;571
Rocha;58;58;MEIER;13;XIII Méier;Méier;3.2;Área de Planejamento 3;3;885;1008;1043;1149;1252;1241;2480;2259;1795;1515;1268
Riachuelo;59;59;MEIER;13;XIII Méier;Méier;3.2;Área de Planejamento 3;3;327;414;413;482;587;641;1414;1602;1499;1523;1498
Sampaio;60;60;MEIER;13;XIII Méier;Méier;3.2;Área de Planejamento 3;3;453;561;587;601;696;660;1260;1282;1040;920;772
Engenho Novo;61;61;MEIER;13;XIII Méier;Méier;3.2;Área de Planejamento 3;3;1905;2036;2165;2213;2574;2929;5897;5807;4869;4337;3758
Lins de Vasconcelos;62;62;MEIER;13;XIII Méier;Méier;3.2;Área de Planejamento 3;3;1502;1833;1728;1646;2140;2161;4910;4513;4020;3496;3130
Méier;63;63;MEIER;13;XIII Méier;Méier;3.2;Área de Planejamento 3;3;1080;1412;1401;1616;1977;2217;5159;5494;5588;6290;7462
Todos os Santos;64;64;MEIER;13;XIII Méier;Méier;3.2;Área de Planejamento 3;3;746;929;933;958;1179;1394;3491;3547;3163;3098;3154
Cachambi;65;65;MEIER;13;XIII Méier;Méier;3.2;Área de Planejamento 3;3;1412;1798;1772;1790;2120;2267;5817;6317;5352;5064;4954
Engenho de Dentro;66;66;MEIER;13;XIII Méier;Méier;3.2;Área de Planejamento 3;3;1772;2161;2164;2274;2599;2761;6284;6862;5647;5522;5124
Água Santa;67;67;MEIER;13;XIII Méier;Méier;3.2;Área de Planejamento 3;3;280;364;303;388;370;424;950;1025;827;770;674
Encantado;68;68;MEIER;13;XIII Méier;Méier;3.2;Área de Planejamento 3;3;442;614;607;677;829;754;1698;1810;1765;1698;1511
Piedade;69;69;MEIER;13;XIII Méier;Méier;3.2;Área de Planejamento 3;3;1616;2081;2010;2176;2630;2522;5670;5878;5199;4757;4162
Abolição;70;70;MEIER;13;XIII Méier;Méier;3.2;Área de Planejamento 3;3;313;363;376;436;565;611;1271;1414;1270;1369;1208
Pilares;71;71;MEIER;13;XIII Méier;Méier;3.2;Área de Planejamento 3;3;1036;1245;1277;1393;1613;1619;3058;3416;3197;2977;2685
Vila Kosmos;72;72;IRAJA;14;XIV Irajá;Madureira;3.3;Área de Planejamento 3;3;544;749;727;849;1012;1048;2032;2052;2101;2142;1619
Vicente de Carvalho;73;73;IRAJA;14;XIV Irajá;Madureira;3.3;Área de Planejamento 3;3;1042;1261;1167;1373;1520;1461;3027;3210;2787;2419;2033
Vila da Penha;74;74;IRAJA;14;XIV Irajá;Madureira;3.3;Área de Planejamento 3;3;754;935;1017;1140;1294;1309;3022;3497;3531;3329;3508
Vista Alegre;75;75;IRAJA;14;XIV Irajá;Madureira;3.3;Área de Planejamento 3;3;645;765;814;851;970;1165;2477;2501;2405;2241;1982
Irajá;76;76;IRAJA;14;XIV Irajá;Madureira;3.3;Área de Planejamento 3;3;3596;4339;4254;4589;5211;5443;12279;13055;11552;11024;10547
Colégio;77;77;IRAJA;14;XIV Irajá;Madureira;3.3;Área de Planejamento 3;3;1496;1737;1683;1684;2060;2003;4155;3899;3221;2695;2204
Campinho;78;78;MADUREIRA;15;XV Madureira;Madureira;3.3;Área de Planejamento 3;3;392;408;425;493;533;551;1164;1261;1263;1055;1034
Quintino Bocaiúva;79;79;MADUREIRA;15;XV Madureira;Madureira;3.3;Área de Planejamento 3;3;1021;1273;1252;1278;1540;1553;3478;3645;3483;3296;2919
Cavalcanti;80;80;MADUREIRA;15;XV Madureira;Madureira;3.3;Área de Planejamento 3;3;597;768;801;819;963;921;2178;2283;1853;1482;1134
Engenheiro Leal;81;81;MADUREIRA;15;XV Madureira;Madureira;3.3;Área de Planejamento 3;3;245;395;361;420;379;297;705;879;636;560;319
Cascadura;82;82;MADUREIRA;15;XV Madureira;Madureira;3.3;Área de Planejamento 3;3;1184;1506;1439;1562;1825;1889;3725;4102;3578;3215;2866
Madureira;83;83;MADUREIRA;15;XV Madureira;Madureira;3.3;Área de Planejamento 3;3;1766;2216;2099;2299;2750;2670;5627;5635;5268;4934;4442
Vaz Lobo;84;84;MADUREIRA;15;XV Madureira;Madureira;3.3;Área de Planejamento 3;3;582;609;619;650;755;741;1625;1635;1414;1263;1102
Turiaçú;85;85;MADUREIRA;15;XV Madureira;Madureira;3.3;Área de Planejamento 3;3;649;717;635;704;813;811;1556;1711;1527;1364;1117
Rocha Miranda;86;86;MADUREIRA;15;XV Madureira;Madureira;3.3;Área de Planejamento 3;3;1724;2202;2110;2243;2489;2418;4977;5094;4897;4460;3746
Honório Gurgel;87;87;MADUREIRA;15;XV Madureira;Madureira;3.3;Área de Planejamento 3;3;933;1163;1154;1186;1272;1319;2383;2588;2332;2056;1825
Osvaldo Cruz;88;88;MADUREIRA;15;XV Madureira;Madureira;3.3;Área de Planejamento 3;3;1289;1567;1585;1526;1991;2044;3820;4229;4258;4042;3644
Bento Ribeiro;89;89;MADUREIRA;15;XV Madureira;Madureira;3.3;Área de Planejamento 3;3;1541;1960;1901;2064;2392;2523;4832;5190;5353;5005;4528
Marechal Hermes;90;90;MADUREIRA;15;XV Madureira;Madureira;3.3;Área de Planejamento 3;3;1963;2318;2367;2592;2848;2878;5470;5711;5698;5205;4449
Ribeira;91;91;ILHA DO GOVERNADOR;20;XX Ilha do Governador;Ilha do Governador;3.7;Área de Planejamento 3;3;129;126;170;161;208;196;485;520;526;451;497
Zumbi;92;92;ILHA DO GOVERNADOR;20;XX Ilha do Governador;Ilha do Governador;3.7;Área de Planejamento 3;3;78;81;84;79;90;110;244;280;264;250;257
Cacuia;93;93;ILHA DO GOVERNADOR;20;XX Ilha do Governador;Ilha do Governador;3.7;Área de Planejamento 3;3;439;554;531;606;669;731;1526;1548;1514;1225;1047
Pitangueiras;94;94;ILHA DO GOVERNADOR;20;XX Ilha do Governador;Ilha do Governador;3.7;Área de Planejamento 3;3;503;666;648;588;741;746;1422;1543;1346;1158;881
Praia da Bandeira;95;95;ILHA DO GOVERNADOR;20;XX Ilha do Governador;Ilha do Governador;3.7;Área de Planejamento 3;3;205;252;265;267;321;360;821;836;671;578;577
Cocotá;96;96;ILHA DO GOVERNADOR;20;XX Ilha do Governador;Ilha do Governador;3.7;Área de Planejamento 3;3;174;254;229;234;273;356;770;731;727;668;605
Bancários;97;97;ILHA DO GOVERNADOR;20;XX Ilha do Governador;Ilha do Governador;3.7;Área de Planejamento 3;3;600;619;615;692;864;931;1689;1629;1305;1131;987
Freguesia (Ilha);98;98;ILHA DO GOVERNADOR;20;XX Ilha do Governador;Ilha do Governador;3.7;Área de Planejamento 3;3;828;935;950;968;1147;1270;2290;2337;2016;1737;1421
Jardim Guanabara;99;99;ILHA DO GOVERNADOR;20;XX Ilha do Governador;Ilha do Governador;3.7;Área de Planejamento 3;3;967;1100;1241;1297;1582;1599;3605;4143;3968;3544;4038
Jardim Carioca;100;100;ILHA DO GOVERNADOR;20;XX Ilha do Governador;Ilha do Governador;3.7;Área de Planejamento 3;3;790;1094;1041;1190;1378;1371;2787;3212;2914;2444;2152
Tauá;101;101;ILHA DO GOVERNADOR;20;XX Ilha do Governador;Ilha do Governador;3.7;Área de Planejamento 3;3;1230;1612;1560;1642;2077;1975;3870;4071;3248;2825;2370
Moneró;102;102;ILHA DO GOVERNADOR;20;XX Ilha do Governador;Ilha do Governador;3.7;Área de Planejamento 3;3;181;255;265;247;340;370;799;752;847;739;928
Portuguesa;103;103;ILHA DO GOVERNADOR;20;XX Ilha do Governador;Ilha do Governador;3.7;Área de Planejamento 3;3;839;983;980;1073;1374;1414;2839;2911;2562;2274;2582
Galeão;104;104;ILHA DO GOVERNADOR;20;XX Ilha do Governador;Ilha do Governador;3.7;Área de Planejamento 3;3;1448;1547;1500;1479;1581;1522;3646;3346;2178;1649;910
Cidade Universitária;105;105;ILHA DO GOVERNADOR;20;XX Ilha do Governador;Ilha do Governador;3.7;Área de Planejamento 3;3;65;91;65;88;139;111;188;169;173;119;80
Guadalupe;106;106;ANCHIETA;22;XXII Anchieta;Pavuna;3.6;Área de Planejamento 3;3;2073;2415;2265;2522;2880;2847;5803;5986;5330;4590;4320
Anchieta;107;107;ANCHIETA;22;XXII Anchieta;Pavuna;3.6;Área de Planejamento 3;3;2866;3428;3265;3560;3851;3998;7453;7651;6551;5490;3968
Parque Anchieta;108;108;ANCHIETA;22;XXII Anchieta;Pavuna;3.6;Área de Planejamento 3;3;962;1211;1166;1325;1510;1423;2799;3264;3198;2496;2479
Ricardo de Albuquerque;109;109;ANCHIETA;22;XXII Anchieta;Pavuna;3.6;Área de Planejamento 3;3;1345;2080;1837;1903;2088;1996;3790;4066;3553;2903;2141
Coelho Neto;110;110;PAVUNA;25;XXV Pavuna;Pavuna;3.6;Área de Planejamento 3;3;1190;1543;1543;1610;1930;1967;3513;3849;3752;3160;2698
Acari;111;111;PAVUNA;25;XXV Pavuna;Pavuna;3.6;Área de Planejamento 3;3;2112;2834;2265;2389;2660;2616;4733;4282;2768;1902;1105
Barros Filho;112;112;PAVUNA;25;XXV Pavuna;Pavuna;3.6;Área de Planejamento 3;3;1400;1641;1518;1437;1638;1549;3229;2890;2292;1740;1108
Costa Barros;113;113;PAVUNA;25;XXV Pavuna;Pavuna;3.6;Área de Planejamento 3;3;1952;2030;2034;2016;2295;2090;3720;3523;2973;2208;1427
Pavuna;114;114;PAVUNA;25;XXV Pavuna;Pavuna;3.6;Área de Planejamento 3;3;5892;6870;6257;6681;7598;7179;13660;13683;11591;9025;6885
Jacarepaguá;115;115;JACAREPAGUA;16;XVI Jacarepaguá;Jacarepaguá;4.1;Área de Planejamento 4;4;11499;12539;11845;12342;15122;15751;30842;26480;18906;12727;7723
Anil;116;116;JACAREPAGUA;16;XVI Jacarepaguá;Jacarepaguá;4.1;Área de Planejamento 4;4;1504;1833;1765;1751;1898;2257;5354;5104;4164;3283;2972
Gardênia Azul;117;117;JACAREPAGUA;16;XVI Jacarepaguá;Jacarepaguá;4.1;Área de Planejamento 4;4;1227;1342;1345;1318;1801;1847;3573;3120;2351;1560;1006
Cidade de Deus;118;118;CIDADE DE DEUS;34;XXXIV Cidade de Deus;Jacarepaguá;4.1;Área de Planejamento 4;4;1968;2255;2120;2268;2599;2449;4245;3834;3839;2779;1941
Curicica;119;119;JACAREPAGUA;16;XVI Jacarepaguá;Jacarepaguá;4.1;Área de Planejamento 4;4;1485;1720;1662;1691;2098;2215;4532;4172;4001;3114;2326
Freguesia (Jacarepaguá);120;120;JACAREPAGUA;16;XVI Jacarepaguá;Jacarepaguá;4.1;Área de Planejamento 4;4;3266;3944;3949;3996;4386;4547;10972;12406;10490;8507;8239
Pechincha;121;121;JACAREPAGUA;16;XVI Jacarepaguá;Jacarepaguá;4.1;Área de Planejamento 4;4;1656;2013;1999;1864;2183;2475;6253;6396;5128;4708;4285
Taquara;122;122;JACAREPAGUA;16;XVI Jacarepaguá;Jacarepaguá;4.1;Área de Planejamento 4;4;5078;5967;5716;5866;6853;7280;16522;16757;14144;12383;10833
Tanque;123;123;JACAREPAGUA;16;XVI Jacarepaguá;Jacarepaguá;4.1;Área de Planejamento 4;4;1818;2191;2202;2146;2516;2687;5589;5367;4739;4047;3373
Praça Seca;124;124;JACAREPAGUA;16;XVI Jacarepaguá;Jacarepaguá;4.1;Área de Planejamento 4;4;3399;3938;3784;3905;4397;4646;8873;9297;8144;6869;6027
Vila Valqueire;125;125;JACAREPAGUA;16;XVI Jacarepaguá;Jacarepaguá;4.1;Área de Planejamento 4;4;1382;1755;1706;1867;2150;2148;4534;5136;4896;4478;3967
Joá;126;126;BARRA DA TIJUCA;24;XXIV Barra da Tijuca;Barra da Tijuca;4.2;Área de Planejamento 4;4;22;35;46;45;34;50;157;184;166;104;140
Itanhangá;127;127;BARRA DA TIJUCA;24;XXIV Barra da Tijuca;Barra da Tijuca;4.2;Área de Planejamento 4;4;4220;5310;4091;4589;6469;6763;12931;10893;6714;3778;2046
Barra da Tijuca;128;128;BARRA DA TIJUCA;24;XXIV Barra da Tijuca;Barra da Tijuca;4.2;Área de Planejamento 4;4;5310;6448;6332;6385;6844;7378;20054;23138;20228;18788;21233
Camorim;129;129;BARRA DA TIJUCA;24;XXIV Barra da Tijuca;Barra da Tijuca;4.2;Área de Planejamento 4;4;83;87;65;106;125;100;216;183;134;93;80
Vargem Pequena;130;130;BARRA DA TIJUCA;24;XXIV Barra da Tijuca;Barra da Tijuca;4.2;Área de Planejamento 4;4;1827;2057;2131;2094;2369;2459;5157;4861;3661;2319;1473
Vargem Grande;131;131;BARRA DA TIJUCA;24;XXIV Barra da Tijuca;Barra da Tijuca;4.2;Área de Planejamento 4;4;1191;1366;1328;1398;1586;1498;3413;3534;2752;1950;1281
Recreio dos Bandeirantes;132;132;BARRA DA TIJUCA;24;XXIV Barra da Tijuca;Barra da Tijuca;4.2;Área de Planejamento 4;4;6450;7459;7107;7533;9418;9821;24274;25750;18326;14142;10984
Grumari;133;133;BARRA DA TIJUCA;24;XXIV Barra da Tijuca;Barra da Tijuca;4.2;Área de Planejamento 4;4;15;9;11;15;17;13;39;20;24;11;3
Deodoro;134;134;REALENGO;33;XXXIII Realengo;Bangu;5.1;Área de Planejamento 5;5;742;752;675;652;728;779;1748;1471;1053;1003;785
Vila Militar;135;135;REALENGO;33;XXXIII Realengo;Bangu;5.1;Área de Planejamento 5;5;798;791;775;802;862;996;2302;1901;1490;1185;1040
Campo dos Afonsos;136;136;REALENGO;33;XXXIII Realengo;Bangu;5.1;Área de Planejamento 5;5;178;221;152;128;100;78;523;479;160;51;36
Jardim Sulacap;137;137;REALENGO;33;XXXIII Realengo;Bangu;5.1;Área de Planejamento 5;5;696;779;716;728;843;931;2292;2277;2070;1695;1362
Magalhães Bastos;138;138;REALENGO;33;XXXIII Realengo;Bangu;5.1;Área de Planejamento 5;5;968;1113;1239;1309;1521;1544;2896;2919;2862;2601;1965
Realengo;139;139;REALENGO;33;XXXIII Realengo;Bangu;5.1;Área de Planejamento 5;5;8532;10096;10187;10776;11979;12137;23419;23843;21765;18498;14576
Padre Miguel;140;140;BANGU;17;XVII Bangu;Bangu;5.1;Área de Planejamento 5;5;3101;4584;3545;3570;4146;3670;9256;9427;7821;7095;5032
Bangu;141;141;BANGU;17;XVII Bangu;Bangu;5.1;Área de Planejamento 5;5;11418;13013;12419;13395;15568;14983;31027;31100;27140;22836;16420
Senador Camará;142;142;BANGU;17;XVII Bangu;Bangu;5.1;Área de Planejamento 5;5;5702;7039;6565;6916;8076;7143;14882;15529;13050;9964;7093
Santíssimo;143;143;CAMPO GRANDE;18;XVIII Campo Grande;Campo Grande;5.2;Área de Planejamento 5;5;2482;3056;2830;3034;3618;3499;7100;7611;6507;4835;3488
Campo Grande;144;144;CAMPO GRANDE;18;XVIII Campo Grande;Campo Grande;5.2;Área de Planejamento 5;5;18505;22020;21317;22217;24213;24512;52628;53856;46638;37447;29061
Senador Vasconcelos;145;145;CAMPO GRANDE;18;XVIII Campo Grande;Campo Grande;5.2;Área de Planejamento 5;5;1638;1907;1888;2068;2567;2187;4602;5206;4553;3584;2682
Inhoaíba;146;146;CAMPO GRANDE;18;XVIII Campo Grande;Campo Grande;5.2;Área de Planejamento 5;5;4495;5238;5039;5126;5597;5618;11183;10576;8787;6413;4055
Cosmos;147;147;CAMPO GRANDE;18;XVIII Campo Grande;Campo Grande;5.2;Área de Planejamento 5;5;5662;6814;6664;6845;7513;7542;14944;14120;11791;8167;5415
Paciência;148;148;SANTA CRUZ;19;XIX Santa Cruz;Santa Cruz;5.3;Área de Planejamento 5;5;6333;7448;7458;7965;8325;8017;15203;15749;12329;9532;6496
Santa Cruz;149;149;SANTA CRUZ;19;XIX Santa Cruz;Santa Cruz;5.3;Área de Planejamento 5;5;16093;18645;18908;18972;20304;19943;36966;36221;28138;20655;14162
Sepetiba;150;150;SANTA CRUZ;19;XIX Santa Cruz;Santa Cruz;5.3;Área de Planejamento 5;5;3682;4354;4440;4413;4646;4172;8142;8085;6985;5686;4079
Guaratiba;151;151;GUARATIBA;26;XXVI Guaratiba;Guaratiba;5.4;Área de Planejamento 5;5;10088;11311;11021;11682;12653;11945;23560;24129;18201;11741;7670
Barra de Guaratiba;152;152;GUARATIBA;26;XXVI Guaratiba;Guaratiba;5.4;Área de Planejamento 5;5;208;247;258;278;315;299;671;756;728;554;441
Pedra de Guaratiba;153;153;GUARATIBA;26;XXVI Guaratiba;Guaratiba;5.4;Área de Planejamento 5;5;599;681;671;763;811;769;1699;1768;1612;1419;1133
Rocinha;154;154;ROCINHA;27;XXVII Rocinha;Zona Sul;2.1;Área de Planejamento 2;2;4208;5013;4858;5104;7033;7260;13220;10587;7007;4331;2270
Jacarezinho;155;155;JACAREZINHO;28;XXVIII Jacarezinho;Méier;3.2;Área de Planejamento 3;3;2375;2790;2385;2591;3379;3067;5601;4873;3635;2865;1787
Complexo do Alemão;156;156;COMPLEXO DO ALEMÃO;29;XXIX Complexo do Alemão;Inhaúma;3.4;Área de Planejamento 3;3;3477;4202;4176;4482;4845;4461;7828;7366;6101;4404;2858
Maré;157;157;COMPLEXO DA MARE;30;XXX Maré;Ramos;3.1;Área de Planejamento 3;3;8553;9832;9020;9532;11463;11269;20635;17776;13118;8450;5172
Vasco da Gama;158;158;SAO CRISTOVAO;7;VII São Cristóvão;Centro;1.1;Área de Planejamento 1;1;745;885;814;902;1153;1168;2360;2190;1849;1363;1122
Parque Colúmbia;159;159;PAVUNA;25;XXV Pavuna;Pavuna;3.6;Área de Planejamento 3;3;483;589;588;592;628;596;1133;1089;1106;798;620
Gericinó;160;160;BANGU;17;XVII Bangu;Bangu;5.1;Área de Planejamento 5;5;178;242;237;220;204;199;432;384;265;137;73
Lapa;161;161;CENTRO;2;II Centro;Centro;1.1;Área de Planejamento 1;1;206;246;239;249;473;804;1745;1465;1288;1167;1132
Vila Kennedy;162;162;BANGU;17;XVII Bangu;Bangu;5.1;Área de Planejamento 5;5;1199;1459;1374;1563;1713;1715;3050;2909;2883;2168;1546
Jabour;163;163;BANGU;17;XVII Bangu;Bangu;5.1;Área de Planejamento 5;5;173;277;263;261;303;269;667;880;763;716;715
Ilha de Guaratiba;164;164;GUARATIBA;26;XXVI Guaratiba;Guaratiba;5.4;Área de Planejamento 5;5;309;357;343;456;545;432;847;1206;797;503;304
Barra Olímpica;165;165;JACAREPAGUA;16;XVI Jacarepaguá;Jacarepaguá;4.1;Área de Planejamento 4;4;3251;3501;3087;2754;2885;3584;10871;10905;6717;4974;4092
Argentino;166;166;PENHA;11;XI Penha;Penha;3.5;Área de Planejamento 3;3;33;49;35;41;37;45;98;132;114;92;76
