bairro;codbnum;regiao_adm;codra;ra;rp;cod_rp;ap;area_plane;Sexo masculino, 0 a 4 anos;Sexo masculino, 5 a 9 anos;Sexo masculino, 10 a 14 anos;Sexo masculino, 15 a 19 anos;Sexo masculino, 20 a 24 anos;Sexo masculino, 25 a 29 anos;Sexo masculino, 30 a 39 anos;Sexo masculino, 40 a 49 anos;Sexo masculino, 50 a 59 anos;Sexo masculino, 60 a 69 anos;Sexo masculino, 70 anos ou mais;Sexo feminino, 0 a 4 anos;Sexo feminino, 5 a 9 anos;Sexo feminino, 10 a 14 anos;Sexo feminino, 15 a 19 anos;Sexo feminino, 20 a 24 anos;Sexo feminino, 25 a 29 anos;Sexo feminino, 30 a 39 anos;Sexo feminino, 40 a 49 anos;Sexo feminino, 50 a 59 anos;Sexo feminino, 60 a 69 anos;Sexo feminino, 70 anos ou mais
Abolição;70;MEIER;13;XIII Méier;Méier;32;Área de Planejamento 3;3;260;259;314;345;402;470;741;673;719;464;399;246;266;321;319;424;470;855;888;972;690;859
Acari;111;PAVUNA;25;XXV Pavuna;Pavuna;36;Área de Planejamento 3;3;1259;1273;1391;1215;1277;1245;2146;1476;997;535;263;1226;1316;1438;1348;1369;1406;2201;1639;1218;634;475
Água Santa;67;MEIER;13;XIII Méier;Méier;32;Área de Planejamento 3;3;218;211;268;324;470;613;900;706;516;293;194;193;247;248;245;299;353;668;600;529;324;337
Alto da Boa Vista;34;TIJUCA;8;VIII Tijuca;Tijuca;22;Área de Planejamento 2;2;232;279;368;325;356;331;644;621;586;354;332;240;319;329;305;345;375;707;691;667;428;509
Anchieta;107;ANCHIETA;22;XXII Anchieta;Pavuna;36;Área de Planejamento 3;3;1806;2085;2421;2356;2297;2242;3990;3563;2969;1596;1049;1728;1906;2394;2271;2313;2392;4533;4184;3655;2090;1812
Andaraí;37;VILA ISABEL;9;IX Vila Isabel;Tijuca;22;Área de Planejamento 2;2;878;924;1066;1255;1407;1586;2672;2389;2346;1457;1390;836;873;1145;1222;1445;1746;3101;2998;3376;2291;2962
Anil;116;JACAREPAGUA;16;XVI Jacarepaguá;Jacarepaguá;41;Área de Planejamento 4;4;593;671;822;850;932;951;1695;1705;1522;963;638;564;594;775;849;909;1062;2049;1983;1794;1161;1090
Bancários;97;ILHA DO GOVERNADOR;20;XX Ilha do Governador;Ilha do Governador;37;Área de Planejamento 3;3;369;401;443;478;561;553;949;839;614;436;280;351;391;422;440;517;575;1072;943;881;531;466
Bangu;141;BANGU;17;XVII Bangu;Bangu;51;Área de Planejamento 5;5;7671;8534;10446;9899;10288;10027;17094;15987;12927;7209;4870;7408;8444;9981;9887;9973;10458;19141;18399;15923;9774;8785
Barra da Tijuca;128;BARRA DA TIJUCA;24;XXIV Barra da Tijuca;Barra da Tijuca;42;Área de Planejamento 4;4;3315;3333;3570;3579;4279;5115;10512;9559;9213;6620;4624;3279;3050;3272;3585;4680;6067;12840;10949;10744;7470;6269
Barra de Guaratiba;152;GUARATIBA;26;XXVI Guaratiba;Guaratiba;54;Área de Planejamento 5;5;97;97;137;154;137;148;244;285;226;148;94;88;96;132;139;165;148;257;271;240;158;116
Barros Filho;112;PAVUNA;25;XXV Pavuna;Pavuna;36;Área de Planejamento 3;3;483;506;614;612;540;578;1032;954;703;414;268;461;526;622;602;571;599;1101;1062;888;493;420
Benfica;12;SAO CRISTOVAO;7;VII São Cristóvão;Centro;11;Área de Planejamento 1;1;826;894;981;872;1162;1288;2213;1671;1259;690;465;710;840;971;875;1074;1196;2116;1712;1425;903;938
Bento Ribeiro;89;MADUREIRA;15;XV Madureira;Madureira;33;Área de Planejamento 3;3;1085;1218;1487;1567;1599;1710;2962;2757;2616;1625;1373;1050;1120;1486;1497;1686;1721;3327;3559;3335;2374;2553
Bonsucesso;40;RAMOS;10;X Ramos;Ramos;31;Área de Planejamento 3;3;439;450;560;628;679;750;1266;1200;1110;748;727;423;470;551;609;722;808;1424;1451;1425;968;1303
Botafogo;20;BOTAFOGO;4;IV Botafogo;Zona Sul;21;Área de Planejamento 2;2;1646;1560;1700;2183;2992;3911;6555;5267;4809;3167;3116;1529;1527;1715;2063;3175;4207;7431;6645;6614;4738;6340
Brás de Pina;45;PENHA;11;XI Penha;Penha;35;Área de Planejamento 3;3;1606;1785;2156;2390;2477;2395;4164;3993;3278;1945;1582;1593;1764;2158;2165;2384;2494;4648;4646;3922;2764;2913
Cachambi;65;MEIER;13;XIII Méier;Méier;32;Área de Planejamento 3;3;884;1016;1270;1253;1409;1640;3220;2848;2503;1590;1469;925;1007;1225;1244;1561;1832;3624;3364;3417;2333;2781
Cacuia;93;ILHA DO GOVERNADOR;20;XX Ilha do Governador;Ilha do Governador;37;Área de Planejamento 3;3;316;328;392;403;410;455;843;754;608;381;292;272;324;368;378;423;507;904;904;747;520;484
Caju;4;PORTUARIA;1;I Portuária;Centro;11;Área de Planejamento 1;1;798;826;922;784;1040;1004;1594;1188;805;456;355;816;805;922;872;1080;974;1669;1401;964;607;595
Camorim;129;BARRA DA TIJUCA;24;XXIV Barra da Tijuca;Barra da Tijuca;42;Área de Planejamento 4;4;69;65;73;73;97;105;215;127;91;44;23;67;71;78;73;75;118;201;136;98;38;33
Campinho;78;MADUREIRA;15;XV Madureira;Madureira;33;Área de Planejamento 3;3;258;318;343;348;352;360;745;650;550;315;302;292;300;386;362;381;445;939;743;667;526;574
Campo dos Afonsos;136;REALENGO;33;XXXIII Realengo;Bangu;51;Área de Planejamento 5;5;39;71;77;76;43;19;72;249;33;1;6;38;51;78;75;53;32;111;190;32;7;12
Campo Grande;144;CAMPO GRANDE;18;XVIII Campo Grande;Campo Grande;52;Área de Planejamento 5;5;9906;11403;13686;12939;12776;13016;24267;22278;18156;10349;6606;9685;10849;13176;12972;13002;13969;27475;25410;22001;13277;11172
Cascadura;82;MADUREIRA;15;XV Madureira;Madureira;33;Área de Planejamento 3;3;1012;1148;1258;1241;1289;1412;2371;2046;1877;1162;988;980;1031;1286;1274;1362;1478;2714;2529;2445;1669;1884
Catete;18;BOTAFOGO;4;IV Botafogo;Zona Sul;21;Área de Planejamento 2;2;489;472;541;612;871;1139;1858;1531;1308;865;953;484;465;576;632;857;1175;2108;1823;1837;1473;1988
Catumbi;6;RIO COMPRIDO;3;III Rio Comprido;Centro;11;Área de Planejamento 1;1;399;486;521;488;498;481;910;733;621;383;317;410;441;515;476;508;554;997;875;789;526;628
Cavalcanti;80;MADUREIRA;15;XV Madureira;Madureira;33;Área de Planejamento 3;3;453;531;640;631;609;654;1100;1078;863;576;409;565;500;661;606;683;660;1300;1177;995;747;703
Centro;5;CENTRO;2;II Centro;Centro;11;Área de Planejamento 1;1;678;654;832;964;1532;2073;3504;3059;2711;1725;1557;651;711;836;1001;1492;2080;3278;3133;3304;2547;2820
Cidade de Deus;118;CIDADE DE DEUS;34;XXXIV Cidade de Deus;Jacarepaguá;41;Área de Planejamento 4;4;1402;1505;1752;1710;1543;1424;2546;2391;1537;779;600;1337;1499;1712;1573;1624;1631;2910;2743;1876;1267;1154
Cidade Nova;8;RIO COMPRIDO;3;III Rio Comprido;Centro;11;Área de Planejamento 1;1;176;161;201;194;218;261;460;347;319;166;156;150;166;193;195;209;235;456;360;359;240;244
Cidade Universitária;105;ILHA DO GOVERNADOR;20;XX Ilha do Governador;Ilha do Governador;37;Área de Planejamento 3;3;46;46;75;73;76;79;92;143;80;38;24;32;62;76;67;67;77;128;127;73;39;36
Cocotá;96;ILHA DO GOVERNADOR;20;XX Ilha do Governador;Ilha do Governador;37;Área de Planejamento 3;3;89;105;143;156;182;217;336;314;318;200;196;99;90;144;117;178;220;376;388;410;274;325
Coelho Neto;110;PAVUNA;25;XXV Pavuna;Pavuna;36;Área de Planejamento 3;3;916;1079;1326;1207;1130;1182;2347;2103;1755;1114;872;871;1026;1214;1204;1189;1356;2727;2475;2243;1637;1450
Colégio;77;IRAJA;14;XIV Irajá;Madureira;33;Área de Planejamento 3;3;1009;1074;1222;1078;1155;1231;2149;1878;1491;853;538;899;1107;1223;1121;1343;1347;2402;2165;1877;1121;962
Complexo do Alemão;156;COMPLEXO DO ALEMÃO;29;XXIX Complexo do Alemão;Inhaúma;34;Área de Planejamento 3;3;2835;2972;3266;2977;3279;3317;5738;4242;2770;1585;819;2745;2849;3345;3172;3367;3371;5747;4518;3073;1887;1269
Copacabana;24;COPACABANA;5;V Copacabana;Zona Sul;21;Área de Planejamento 2;2;2235;2237;2532;3034;4720;6074;9758;8482;8575;6633;8126;2165;2045;2420;3212;5038;6547;10895;10340;12652;10929;17743
Cordovil;46;VIGARIO GERAL;31;XXXI Vigário Geral;Penha;35;Área de Planejamento 3;3;1388;1525;1864;1796;1975;2025;3216;2671;2318;1417;1062;1303;1435;1853;1777;1903;1927;3476;3278;2887;2044;2062
Cosme Velho;19;BOTAFOGO;4;IV Botafogo;Zona Sul;21;Área de Planejamento 2;2;219;212;264;241;274;286;492;408;426;285;215;211;182;254;260;299;310;551;577;540;333;339
Cosmos;147;CAMPO GRANDE;18;XVIII Campo Grande;Campo Grande;52;Área de Planejamento 5;5;2700;3097;3734;3398;3163;3177;5780;5220;3604;1879;1318;2583;2857;3508;3332;3301;3382;6344;5799;4199;2547;2085
Costa Barros;113;PAVUNA;25;XXV Pavuna;Pavuna;36;Área de Planejamento 3;3;1205;1367;1451;1342;1181;1216;2048;1707;1215;651;326;1138;1228;1470;1352;1285;1238;2269;1906;1447;808;592
Curicica;119;JACAREPAGUA;16;XVI Jacarepaguá;Jacarepaguá;41;Área de Planejamento 4;4;926;1046;1237;1294;1169;1384;2341;2211;1640;885;687;883;1053;1201;1235;1341;1347;2533;2517;1993;1180;1086
Del Castilho;53;INHAUMA;12;XII Inhaúma;Inhaúma;34;Área de Planejamento 3;3;416;473;539;539;614;647;1134;930;867;536;472;399;432;540;555;596;703;1276;1125;1066;851;900
Deodoro;134;REALENGO;33;XXXIII Realengo;Bangu;51;Área de Planejamento 5;5;356;398;538;442;406;422;752;684;556;349;175;345;389;510;466;427;447;863;745;732;485;355
Encantado;68;MEIER;13;XIII Méier;Méier;32;Área de Planejamento 3;3;336;375;528;498;622;595;1051;970;901;499;474;357;382;453;510;586;660;1161;1172;1165;835;891
Engenheiro Leal;81;MADUREIRA;15;XV Madureira;Madureira;33;Área de Planejamento 3;3;146;175;228;244;232;250;451;424;328;173;134;236;203;264;263;299;294;484;451;384;225;225
Engenho da Rainha;55;INHAUMA;12;XII Inhaúma;Inhaúma;34;Área de Planejamento 3;3;738;874;1091;976;933;1072;2035;1603;1413;840;672;767;804;1016;963;998;1248;2254;1937;1869;1284;1272
Engenho de Dentro;66;MEIER;13;XIII Méier;Méier;32;Área de Planejamento 3;3;1142;1235;1468;1554;1664;1860;3152;2903;2642;1595;1502;1034;1212;1441;1446;1697;1874;3641;3503;3543;2461;2971
Engenho Novo;61;MEIER;13;XIII Méier;Méier;32;Área de Planejamento 3;3;1179;1214;1538;1469;1554;1741;2995;2695;2292;1321;1073;1167;1205;1502;1550;1744;1861;3557;3319;3091;1927;2178
Estácio;9;RIO COMPRIDO;3;III Rio Comprido;Centro;11;Área de Planejamento 1;1;524;586;631;641;711;752;1353;1066;840;534;396;519;590;625;656;771;803;1370;1279;1048;749;745
Flamengo;15;BOTAFOGO;4;IV Botafogo;Zona Sul;21;Área de Planejamento 2;2;680;672;814;972;1593;2249;3341;2901;2929;2211;2795;667;636;843;1034;1665;2472;3984;3731;4253;3745;5856
Freguesia (Ilha);98;ILHA DO GOVERNADOR;20;XX Ilha do Governador;Ilha do Governador;37;Área de Planejamento 3;3;553;614;741;681;869;887;1473;1365;978;617;414;515;593;706;738;790;920;1648;1498;1265;816;756
Freguesia (Jacarepaguá);120;JACAREPAGUA;16;XVI Jacarepaguá;Jacarepaguá;41;Área de Planejamento 4;4;1959;2062;2422;2482;2604;2689;5233;5094;4022;2327;1774;1892;1972;2357;2530;2638;2999;6206;5842;4949;3325;3133
Galeão;104;ILHA DO GOVERNADOR;20;XX Ilha do Governador;Ilha do Governador;37;Área de Planejamento 3;3;888;871;1104;1274;922;926;1934;1637;1013;429;241;833;925;1087;988;1003;992;2133;1690;1061;535;485
Gamboa;2;PORTUARIA;1;I Portuária;Centro;11;Área de Planejamento 1;1;476;499;606;581;619;603;1010;838;621;371;204;422;459;586;494;600;566;1114;909;745;399;386
Gardênia Azul;117;JACAREPAGUA;16;XVI Jacarepaguá;Jacarepaguá;41;Área de Planejamento 4;4;585;626;744;717;876;943;1610;1182;800;377;211;576;628;743;705;803;956;1602;1263;918;469;381
Gávea;29;LAGOA;6;VI Lagoa;Zona Sul;21;Área de Planejamento 2;2;294;283;363;424;597;670;1135;915;1007;741;619;318;314;362;419;614;711;1319;1279;1452;1072;1095
Gericinó;160;BANGU;17;XVII Bangu;Bangu;51;Área de Planejamento 5;5;121;103;107;622;3375;3159;3622;1331;459;112;52;109;102;151;166;319;269;423;302;148;60;55
Glória;16;BOTAFOGO;4;IV Botafogo;Zona Sul;21;Área de Planejamento 2;2;135;110;169;183;328;479;738;687;636;402;444;129;121;165;224;340;459;754;763;880;624;891
Grajaú;38;VILA ISABEL;9;IX Vila Isabel;Tijuca;22;Área de Planejamento 2;2;854;945;1062;1108;1369;1519;2677;2430;2313;1458;1466;830;947;1044;1120;1356;1623;3181;3012;3142;2178;3037
Grumari;133;BARRA DA TIJUCA;24;XXIV Barra da Tijuca;Barra da Tijuca;42;Área de Planejamento 4;4;5;10;9;6;7;2;16;13;5;3;2;10;7;8;14;9;10;15;8;4;2;2
Guadalupe;106;ANCHIETA;22;XXII Anchieta;Pavuna;36;Área de Planejamento 3;3;1334;1456;1769;1660;1614;1745;3476;2941;2572;1803;1261;1282;1548;1843;1684;1879;1990;3834;3496;3349;2435;2173
Guaratiba;151;GUARATIBA;26;XXVI Guaratiba;Guaratiba;54;Área de Planejamento 5;5;4156;4847;5508;4749;4435;4594;9207;7109;4773;2697;1689;4086;4532;5288;4946;4566;4886;9795;7582;5177;3106;2321
Higienópolis;50;INHAUMA;12;XII Inhaúma;Inhaúma;34;Área de Planejamento 3;3;353;414;508;470;591;659;1146;1036;961;584;513;373;371;466;502;627;765;1267;1230;1229;766;903
Honório Gurgel;87;MADUREIRA;15;XV Madureira;Madureira;33;Área de Planejamento 3;3;681;788;890;854;840;864;1512;1370;1125;793;503;664;746;899;871;849;949;1763;1639;1452;1010;927
Humaitá;21;BOTAFOGO;4;IV Botafogo;Zona Sul;21;Área de Planejamento 2;2;260;226;226;287;379;527;1031;832;872;580;502;221;215;236;272;444;649;1265;1051;1267;844;1099
Imperial de São Cristóvão;10;SAO CRISTOVAO;7;VII São Cristóvão;Centro;11;Área de Planejamento 1;1;642;711;850;896;1310;1467;2405;1836;1551;873;728;626;670;770;862;1047;1112;1983;1904;1719;1173;1375
Inhaúma;54;INHAUMA;12;XII Inhaúma;Inhaúma;34;Área de Planejamento 3;3;1514;1652;1803;1598;1677;1820;3275;2799;2333;1549;1112;1485;1641;1865;1746;1803;2039;3706;3242;2990;2031;2018
Inhoaíba;146;CAMPO GRANDE;18;XVIII Campo Grande;Campo Grande;52;Área de Planejamento 5;5;2357;2636;3244;3042;2676;2632;4779;4226;2999;1600;947;2196;2581;3113;2904;2731;2838;5362;4605;3600;2020;1561
Ipanema;25;LAGOA;6;VI Lagoa;Zona Sul;21;Área de Planejamento 2;2;828;776;891;977;1219;1492;2850;2708;2548;2037;2491;744;760;853;940;1298;1662;3307;3206;3598;2975;4583
Irajá;76;IRAJA;14;XIV Irajá;Madureira;33;Área de Planejamento 3;3;2352;2553;3169;3213;3507;3781;6645;6148;5779;3811;3021;2177;2536;3007;3103;3540;4123;7522;7445;7797;5541;5612
Itanhangá;127;BARRA DA TIJUCA;24;XXIV Barra da Tijuca;Barra da Tijuca;42;Área de Planejamento 4;4;1474;1517;1577;1461;1920;2090;3767;2548;1512;704;313;1421;1469;1539;1544;1955;2136;3925;2633;1594;793;523
Jacaré;51;MEIER;13;XIII Méier;Méier;32;Área de Planejamento 3;3;283;349;401;376;351;384;697;560;462;266;226;313;356;399;351;371;423;747;656;560;349;396
Jacarepaguá;115;JACAREPAGUA;16;XVI Jacarepaguá;Jacarepaguá;41;Área de Planejamento 4;4;6059;6013;6689;6550;8444;9008;14763;9794;6308;2873;1593;6026;5913;6455;6362;7843;8556;14518;10363;6924;3540;2732
Jacarezinho;155;JACAREZINHO;28;XXVIII Jacarezinho;Méier;32;Área de Planejamento 3;3;1457;1484;1707;1572;1802;1761;3060;2292;1721;941;439;1307;1453;1718;1671;1925;1879;3213;2586;1932;1081;838
Jardim América;49;VIGARIO GERAL;31;XXXI Vigário Geral;Penha;35;Área de Planejamento 3;3;636;699;912;1019;1294;1094;1765;1715;1479;714;731;609;673;872;866;1056;1101;1949;2057;1737;1035;1213
Jardim Botânico;28;LAGOA;6;VI Lagoa;Zona Sul;21;Área de Planejamento 2;2;383;385;441;473;501;673;1340;1243;1129;803;648;414;431;442;446;541;719;1607;1546;1544;1066;1234
Jardim Carioca;100;ILHA DO GOVERNADOR;20;XX Ilha do Governador;Ilha do Governador;37;Área de Planejamento 3;3;713;779;840;884;966;1074;1958;1566;1361;814;630;702;775;866;858;1060;1158;2075;1927;1725;1101;1016
Jardim Guanabara;99;ILHA DO GOVERNADOR;20;XX Ilha do Governador;Ilha do Governador;37;Área de Planejamento 3;3;689;701;909;911;1077;1364;2339;2268;2132;1496;1227;679;635;838;936;1171;1335;2639;2602;2510;1842;1913
Jardim Sulacap;137;REALENGO;33;XXXIII Realengo;Bangu;51;Área de Planejamento 5;5;316;379;465;454;424;527;941;1085;791;410;362;325;336;450;430;437;543;1154;1178;923;552;580
Joá;126;BARRA DA TIJUCA;24;XXIV Barra da Tijuca;Barra da Tijuca;42;Área de Planejamento 4;4;14;12;19;21;27;56;52;61;59;59;33;15;21;18;13;22;31;73;65;65;52;30
Lagoa;27;LAGOA;6;VI Lagoa;Zona Sul;21;Área de Planejamento 2;2;518;431;484;516;666;646;1514;1400;1488;1218;877;456;401;455;515;653;798;1849;1779;1956;1345;1233
Laranjeiras;17;BOTAFOGO;4;IV Botafogo;Zona Sul;21;Área de Planejamento 2;2;871;895;1033;1163;1439;1916;3247;2999;2716;1848;1922;861;858;995;1106;1511;2080;3724;3743;3845;2883;3899
Leblon;26;LAGOA;6;VI Lagoa;Zona Sul;21;Área de Planejamento 2;2;794;836;952;1073;1248;1472;3118;2880;2935;2382;2615;790;796;890;1029;1305;1791;3650;3522;4000;3436;4530
Leme;23;COPACABANA;5;V Copacabana;Zona Sul;21;Área de Planejamento 2;2;259;295;342;373;466;589;1052;922;843;679;718;258;284;398;344;533;717;1207;1032;1143;998;1347
Lins de Vasconcelos;62;MEIER;13;XIII Méier;Méier;32;Área de Planejamento 3;3;1028;1172;1323;1276;1310;1511;2722;2590;2062;1110;1220;951;1094;1318;1299;1465;1694;2994;3027;2606;1789;1926
Madureira;83;MADUREIRA;15;XV Madureira;Madureira;33;Área de Planejamento 3;3;1290;1565;1786;1825;1979;1936;3493;3063;2887;1653;1467;1238;1479;1853;1772;2005;2166;3922;3652;3749;2496;2830
Magalhães Bastos;138;REALENGO;33;XXXIII Realengo;Bangu;51;Área de Planejamento 5;5;724;797;981;969;1058;1000;1735;1563;1343;747;558;699;776;906;975;1019;1068;1884;1859;1731;1061;977
Mangueira;11;SAO CRISTOVAO;7;VII São Cristóvão;Centro;11;Área de Planejamento 1;1;760;829;904;772;775;780;1190;983;749;358;262;739;844;903;778;900;893;1324;1170;965;514;443
Manguinhos;39;RAMOS;10;X Ramos;Ramos;31;Área de Planejamento 3;3;1543;1767;1893;1499;1539;1552;3152;2010;1414;624;291;1558;1731;1935;1641;1762;1857;3283;2306;1538;751;514
Maracanã;35;VILA ISABEL;9;IX Vila Isabel;Tijuca;22;Área de Planejamento 2;2;445;443;556;658;992;1197;1659;1571;1650;991;991;405;411;555;664;1021;1231;1883;2015;2259;1528;2131
Maré;157;COMPLEXO DA MARE;30;XXX Maré;Ramos;31;Área de Planejamento 3;3;5347;5424;6023;5603;6117;6649;11611;7989;5180;2449;1351;5161;5328;6065;5782;6498;6482;11340;8525;5620;2989;2237
Marechal Hermes;90;MADUREIRA;15;XV Madureira;Madureira;33;Área de Planejamento 3;3;1429;1605;1866;1836;1850;1945;3323;3042;2773;1602;1228;1321;1460;1785;1786;1914;1989;3665;3666;3416;2272;2288
Maria da Graça;52;INHAUMA;12;XII Inhaúma;Inhaúma;34;Área de Planejamento 3;3;196;209;242;235;268;323;577;562;471;310;320;188;190;233;226;261;374;675;583;628;390;511
Méier;63;MEIER;13;XIII Méier;Méier;32;Área de Planejamento 3;3;863;878;1212;1324;1668;1917;3095;2930;3253;2165;2374;791;886;1060;1361;1750;2033;3480;4014;4568;3445;4761
Moneró;102;ILHA DO GOVERNADOR;20;XX Ilha do Governador;Ilha do Governador;37;Área de Planejamento 3;3;107;139;176;173;212;281;490;412;388;303;284;109;123;158;161;210;298;525;543;521;411;452
Olaria;42;RAMOS;10;X Ramos;Ramos;31;Área de Planejamento 3;3;1430;1651;1976;1904;2013;2221;4079;3711;3217;2273;1913;1369;1614;1876;1874;2115;2305;4668;4401;4113;3376;3415
Osvaldo Cruz;88;MADUREIRA;15;XV Madureira;Madureira;33;Área de Planejamento 3;3;791;904;1217;1211;1280;1307;2294;2207;2027;1237;1018;811;907;1258;1168;1246;1344;2585;2684;2690;1853;2001
Paciência;148;SANTA CRUZ;19;XIX Santa Cruz;Santa Cruz;53;Área de Planejamento 5;5;3457;3847;4709;4324;3946;3932;7072;5898;4484;2565;1428;3371;3756;4389;4106;3939;4171;7715;6497;5484;3140;2396
Padre Miguel;140;BANGU;17;XVII Bangu;Bangu;51;Área de Planejamento 5;5;1952;2197;2509;2475;2405;2602;4539;4097;3623;2269;1436;1882;2048;2479;2494;2496;2781;5079;4837;4575;2787;2666
Paquetá;13;PAQUETA;21;XXI Paquetá;Centro;11;Área de Planejamento 1;1;102;118;113;126;101;112;193;206;233;167;158;76;89;103;104;113;102;197;232;263;212;241
Parada de Lucas;47;VIGARIO GERAL;31;XXXI Vigário Geral;Penha;35;Área de Planejamento 3;3;774;894;1067;1150;1394;1264;1709;1398;998;604;473;813;902;994;1067;1088;1009;1826;1573;1218;916;792
Parque Anchieta;108;ANCHIETA;22;XXII Anchieta;Pavuna;36;Área de Planejamento 3;3;722;835;1036;954;962;1004;1976;1742;1364;965;701;736;856;980;1027;948;1173;2146;2030;1741;1320;994
Parque Colúmbia;159;PAVUNA;25;XXV Pavuna;Pavuna;36;Área de Planejamento 3;3;337;333;425;409;361;386;693;666;432;221;200;296;317;424;414;352;357;745;712;499;307;316
Pavuna;114;PAVUNA;25;XXV Pavuna;Pavuna;36;Área de Planejamento 3;3;3291;3735;4451;3948;3609;3774;7192;6155;4873;2801;1937;3403;3658;4248;3887;4060;4314;8226;6931;5965;3788;3104
Pechincha;121;JACAREPAGUA;16;XVI Jacarepaguá;Jacarepaguá;41;Área de Planejamento 4;4;917;914;1114;1129;1194;1451;2698;2348;2054;1236;903;853;878;1046;1061;1217;1636;3171;2872;2707;1701;1609
Pedra de Guaratiba;153;GUARATIBA;26;XXVI Guaratiba;Guaratiba;54;Área de Planejamento 5;5;270;322;389;352;356;396;666;675;536;347;292;249;300;317;336;349;388;714;720;671;456;387
Penha;43;PENHA;11;XI Penha;Penha;35;Área de Planejamento 3;3;2156;2488;2944;3979;4865;3791;5628;4464;3765;2329;1776;2044;2435;2963;3121;3672;3459;6032;5389;4775;3274;3329
Penha Circular;44;PENHA;11;XI Penha;Penha;35;Área de Planejamento 3;3;1299;1397;1794;2204;2130;2020;3315;2856;2604;1629;1405;1233;1367;1643;1662;1863;1979;3675;3422;3344;2390;2585
Piedade;69;MEIER;13;XIII Méier;Méier;32;Área de Planejamento 3;3;1097;1266;1431;1482;1662;1678;3043;2904;2559;1489;1329;1089;1183;1414;1514;1666;1826;3374;3396;3187;2250;2539
Pilares;71;MEIER;13;XIII Méier;Méier;32;Área de Planejamento 3;3;711;804;952;955;1004;1010;1833;1752;1536;885;872;702;773;961;962;1032;1229;2108;2110;2041;1312;1706
Pitangueiras;94;ILHA DO GOVERNADOR;20;XX Ilha do Governador;Ilha do Governador;37;Área de Planejamento 3;3;345;371;457;466;437;489;877;764;645;353;291;384;385;434;430;484;519;942;938;763;495;487
Portuguesa;103;ILHA DO GOVERNADOR;20;XX Ilha do Governador;Ilha do Governador;37;Área de Planejamento 3;3;575;599;830;727;986;1138;1715;1453;1224;945;818;585;583;685;758;912;1097;1886;1799;1796;1390;1355
Praça da Bandeira;32;TIJUCA;8;VIII Tijuca;Tijuca;22;Área de Planejamento 2;2;146;183;208;232;297;371;592;592;493;342;327;151;168;216;253;322;399;691;687;717;554;721
Praça Seca;124;JACAREPAGUA;16;XVI Jacarepaguá;Jacarepaguá;41;Área de Planejamento 4;4;1991;2049;2471;2356;2382;2523;4751;4018;3406;2009;1702;1799;2060;2388;2418;2397;2892;5196;4754;4329;2901;3355
Praia da Bandeira;95;ILHA DO GOVERNADOR;20;XX Ilha do Governador;Ilha do Governador;37;Área de Planejamento 3;3;141;169;182;172;202;273;522;392;283;201;174;152;156;176;169;218;296;570;479;430;310;281
Quintino Bocaiúva;79;MADUREIRA;15;XV Madureira;Madureira;33;Área de Planejamento 3;3;764;920;1089;1074;1165;1280;2220;1973;1734;1138;883;748;877;1111;1002;1210;1375;2464;2398;2389;1586;1785
Ramos;41;RAMOS;10;X Ramos;Ramos;31;Área de Planejamento 3;3;1018;1165;1431;1409;1497;1673;3120;2755;2323;1345;1188;957;1131;1371;1361;1538;1772;3419;3149;2838;1989;2343
Realengo;139;REALENGO;33;XXXIII Realengo;Bangu;51;Área de Planejamento 5;5;5597;6281;7410;7226;7046;7298;12837;11577;9789;5530;4030;5341;5923;7161;6919;7389;7711;14438;13581;12187;7763;7089
Recreio dos Bandeirantes;132;BARRA DA TIJUCA;24;XXIV Barra da Tijuca;Barra da Tijuca;42;Área de Planejamento 4;4;2522;2495;2823;2778;3117;3722;7261;5884;4785;2760;1570;2506;2379;2642;2727;3374;3916;8105;6412;5154;3110;2198
Riachuelo;59;MEIER;13;XIII Méier;Méier;32;Área de Planejamento 3;3;274;279;340;367;439;504;895;774;823;496;481;289;254;337;369;473;535;969;1080;1041;733;901
Ribeira;91;ILHA DO GOVERNADOR;20;XX Ilha do Governador;Ilha do Governador;37;Área de Planejamento 3;3;78;90;105;91;115;124;233;245;235;144;129;90;84;93;108;121;135;254;299;308;203;244
Ricardo de Albuquerque;109;ANCHIETA;22;XXII Anchieta;Pavuna;36;Área de Planejamento 3;3;884;1000;1212;1207;1089;1147;2131;2010;1620;959;670;807;998;1171;1162;1204;1216;2369;2275;1890;1197;1092
Rio Comprido;7;RIO COMPRIDO;3;III Rio Comprido;Centro;11;Área de Planejamento 1;1;1295;1360;1576;1629;1825;1830;3205;2667;2239;1304;1088;1257;1318;1505;1640;1980;2002;3651;3342;2941;1896;2214
Rocha;58;MEIER;13;XIII Méier;Méier;32;Área de Planejamento 3;3;174;183;310;273;298;351;668;642;534;325;295;161;200;240;268;310;341;718;692;705;498;580
Rocha Miranda;86;MADUREIRA;15;XV Madureira;Madureira;33;Área de Planejamento 3;3;1283;1409;1687;1657;1677;1696;3102;2816;2455;1469;1067;1252;1384;1673;1641;1727;1890;3504;3366;3240;2101;2092
Rocinha;154;ROCINHA;27;XXVII Rocinha;Zona Sul;21;Área de Planejamento 2;2;2883;2777;2924;2975;3987;4088;6499;3953;2495;1125;506;2879;2810;2888;3089;3846;3931;6160;4362;2909;1428;842
Sampaio;60;MEIER;13;XIII Méier;Méier;32;Área de Planejamento 3;3;359;395;428;412;448;496;798;667;491;339;209;379;356;425;447;520;521;934;795;651;423;402
Santa Cruz;149;SANTA CRUZ;19;XIX Santa Cruz;Santa Cruz;53;Área de Planejamento 5;5;8413;9308;10638;9938;8901;8975;16209;13252;9851;5607;3275;8053;8837;10251;9864;9180;9436;17785;14867;12074;7217;5402
Santa Teresa;14;SANTA TEREZA;23;XXIII Santa Teresa;Centro;11;Área de Planejamento 1;1;1043;1157;1385;1326;1725;1985;3666;2776;2074;1203;907;977;1103;1368;1404;1828;2135;3748;3101;2752;1629;1634
Santíssimo;143;CAMPO GRANDE;18;XVIII Campo Grande;Campo Grande;52;Área de Planejamento 5;5;1374;1557;1801;1717;1658;1657;3282;2861;2177;1192;733;1296;1398;1695;1795;1655;1775;3672;3134;2494;1377;1158
Santo Cristo;3;PORTUARIA;1;I Portuária;Centro;11;Área de Planejamento 1;1;392;462;477;460;509;544;962;799;647;337;258;361;392;467;452;541;568;1105;876;788;448;485
São Conrado;31;LAGOA;6;VI Lagoa;Zona Sul;21;Área de Planejamento 2;2;225;225;314;305;357;386;693;692;710;606;444;191;253;340;338;400;415;874;972;941;694;605
São Francisco Xavier;57;MEIER;13;XIII Méier;Méier;32;Área de Planejamento 3;3;280;246;347;302;385;415;609;517;444;273;185;210;217;297;276;384;397;664;607;572;341;375
Saúde;1;PORTUARIA;1;I Portuária;Centro;11;Área de Planejamento 1;1;65;69;103;86;148;183;236;191;142;94;71;80;63;99;66;102;147;244;177;170;95;118
Senador Camará;142;BANGU;17;XVII Bangu;Bangu;51;Área de Planejamento 5;5;3813;3942;4681;4410;4465;4614;7583;6657;5292;3003;1962;3625;3838;4500;4425;4608;4665;8179;7534;6440;4002;3277
Senador Vasconcelos;145;CAMPO GRANDE;18;XVIII Campo Grande;Campo Grande;52;Área de Planejamento 5;5;956;1087;1315;1301;1189;1224;2318;2051;1605;904;529;911;1067;1303;1290;1232;1350;2603;2312;1952;1197;904
Sepetiba;150;SANTA CRUZ;19;XIX Santa Cruz;Santa Cruz;53;Área de Planejamento 5;5;2211;2409;2761;2464;2217;2098;3868;3411;2814;1757;1166;2051;2352;2711;2449;2200;2236;4235;3960;3318;2147;1740
Tanque;123;JACAREPAGUA;16;XVI Jacarepaguá;Jacarepaguá;41;Área de Planejamento 4;4;1119;1158;1542;1382;1464;1626;2832;2515;2017;1184;857;1220;1179;1343;1421;1555;1706;3154;2927;2584;1543;1528
Taquara;122;JACAREPAGUA;16;XVI Jacarepaguá;Jacarepaguá;41;Área de Planejamento 4;4;2589;2950;3628;3933;3992;4233;7514;6902;5850;3491;2440;2522;2914;3437;3680;4179;4472;8513;8154;7479;4804;4450
Tauá;101;ILHA DO GOVERNADOR;20;XX Ilha do Governador;Ilha do Governador;37;Área de Planejamento 3;3;955;1086;1201;1173;1170;1290;2279;1871;1483;854;637;877;1002;1081;1099;1304;1324;2495;2195;1862;1218;1111
Tijuca;33;TIJUCA;8;VIII Tijuca;Tijuca;22;Área de Planejamento 2;2;3170;3386;4205;4662;5523;6397;10711;9889;9527;6643;7452;3148;3357;4185;4761;5910;7156;12394;12596;13297;10180;15256
Todos os Santos;64;MEIER;13;XIII Méier;Méier;32;Área de Planejamento 3;3;472;514;714;686;805;931;1748;1664;1552;965;890;456;564;661;719;837;1038;2035;2134;2151;1444;1666
Tomás Coelho;56;INHAUMA;12;XII Inhaúma;Inhaúma;34;Área de Planejamento 3;3;709;766;887;854;898;926;1714;1407;1083;705;514;760;800;908;903;917;1053;1928;1660;1474;961;849
Turiaçú;85;MADUREIRA;15;XV Madureira;Madureira;33;Área de Planejamento 3;3;526;656;713;702;648;700;1222;1038;957;537;358;579;655;681;689;774;732;1367;1277;1106;703;626
Urca;22;BOTAFOGO;4;IV Botafogo;Zona Sul;21;Área de Planejamento 2;2;147;184;231;236;307;235;524;568;363;258;274;135;184;207;217;207;251;651;585;503;348;446
Vargem Grande;131;BARRA DA TIJUCA;24;XXIV Barra da Tijuca;Barra da Tijuca;42;Área de Planejamento 4;4;510;513;652;575;579;649;1142;1004;730;345;200;481;548;626;608;568;672;1204;1010;735;374;314
Vargem Pequena;130;BARRA DA TIJUCA;24;XXIV Barra da Tijuca;Barra da Tijuca;42;Área de Planejamento 4;4;1057;1158;1267;1288;1322;1299;2389;1833;1075;495;262;1059;1119;1306;1229;1265;1315;2487;1903;1139;599;384
Vasco da Gama;158;SAO CRISTOVAO;7;VII São Cristóvão;Centro;11;Área de Planejamento 1;1;441;526;567;585;665;743;1138;986;781;449;361;445;469;570;534;668;753;1301;1165;967;616;752
Vaz Lobo;84;MADUREIRA;15;XV Madureira;Madureira;33;Área de Planejamento 3;3;468;482;607;526;600;666;1164;979;795;428;391;461;464;539;560;679;717;1288;1062;998;648;645
Vicente de Carvalho;73;IRAJA;14;XIV Irajá;Madureira;33;Área de Planejamento 3;3;761;877;1059;995;915;1023;1793;1591;1280;769;562;813;855;1015;1008;961;1106;1981;1809;1614;1094;1083
Vidigal;30;LAGOA;6;VI Lagoa;Zona Sul;21;Área de Planejamento 2;2;462;490;590;521;582;559;1060;809;569;328;160;438;466;570;551;578;597;1182;908;725;382;270
Vigário Geral;48;VIGARIO GERAL;31;XXXI Vigário Geral;Penha;35;Área de Planejamento 3;3;1451;1595;1971;2052;1883;1695;2872;2623;1990;1114;721;1443;1595;1920;1886;1899;1761;3327;2889;2367;1490;1276
Vila da Penha;74;IRAJA;14;XIV Irajá;Madureira;33;Área de Planejamento 3;3;538;590;656;650;854;988;1657;1674;1654;1096;966;474;577;650;765;868;1069;2042;2124;2233;1686;1654
Vila Isabel;36;VILA ISABEL;9;IX Vila Isabel;Tijuca;22;Área de Planejamento 2;2;1891;2154;2650;2680;3031;3608;5879;5233;4815;3127;3035;1885;2127;2574;2826;3316;4018;7160;6561;6575;4889;5984
Vila Kosmos;72;IRAJA;14;XIV Irajá;Madureira;33;Área de Planejamento 3;3;413;474;587;670;730;688;1138;1214;1180;515;582;398;501;599;700;749;726;1292;1559;1551;823;1185
Vila Militar;135;REALENGO;33;XXXIII Realengo;Bangu;51;Área de Planejamento 5;5;441;480;503;492;481;537;1276;811;558;403;240;476;439;507;503;507;672;1244;881;855;471;407
Vila Valqueire;125;JACAREPAGUA;16;XVI Jacarepaguá;Jacarepaguá;41;Área de Planejamento 4;4;734;843;1119;1073;1148;1146;2250;2193;2090;1275;992;722;865;977;1089;1218;1351;2575;2689;2555;1696;1679
Vista Alegre;75;IRAJA;14;XIV Irajá;Madureira;33;Área de Planejamento 3;3;166;187;261;288;279;310;533;587;586;332;329;174;201;241;274;307;361;630;704;793;475;604
Zumbi;92;ILHA DO GOVERNADOR;20;XX Ilha do Governador;Ilha do Governador;37;Área de Planejamento 3;3;50;48;42;63;62;90;148;125;134;90;82;37;42;56;54;68;81;153;158;165;129;139
