,bairro,0 a 4 anos,Percentual 0 a 4,5 a 9 anos,Percentual 5 a 9
143,Campo Grande,18505,5.250926467166458,22020,6.24833292661472
148,Santa Cruz,16093,6.462870521712241,18645,7.487741308477272
114,Jacarepaguá,11499,6.541848716548334,12539,7.13351083196796
140,Bangu,11418,5.454832098376163,13013,6.216826948342004
150,Guaratiba,10088,6.550606814241466,11311,7.344757501574666
156,Maré,8553,6.8522672648614,9832,7.876942797628585
138,Realengo,8532,5.145710701534305,10096,6.088970375373926
131,Recreio dos Bandeirantes,6450,4.565919130139314,7459,5.280184618869634
147,Paciência,6333,6.039769205092747,7448,7.103142434790902
113,Pavuna,5892,6.181219248644056,6870,7.207226109671532
141,Senador Camará,5702,5.592444021616532,7039,6.903755431104659
146,Cosmos,5662,5.930224033013187,6814,7.13679734386292
127,Barra da Tijuca,5310,3.7358060476438393,6448,4.536436420943027
121,Taquara,5078,4.72816320449911,5967,5.555917652864552
32,Tijuca,4764,3.3537486800422385,5782,4.070397747272088
145,Inhoaíba,4495,6.232062889070667,5238,7.262190303215162
126,Itanhangá,4220,6.2238216034452245,5310,7.831396377794821
153,Rocinha,4208,5.935873383081068,5013,7.071419503180939
149,Sepetiba,3682,6.2742825983232215,4354,7.419398813986778
75,Irajá,3596,4.186799240880672,4339,5.0518692731316
23,Copacabana,3528,2.743582365795429,4019,3.125413131556641
155,Complexo do Alemão,3477,6.415129151291513,4202,7.752767527675276
123,Praça Seca,3399,5.371450244156829,3938,6.2232336162075885
119,Freguesia (Jacarepaguá),3266,4.372038231908116,3944,5.2796444539637495
164,Barra Olímpica,3251,5.741685946910157,3501,6.183218240582116
139,Padre Miguel,3101,5.063105131679919,4584,7.484448217871896
42,Penha,2958,5.055459657158483,3515,6.007417408692382
106,Anchieta,2866,5.502966532900674,3428,6.582054876058447
19,Botafogo,2761,3.5875779625779627,3173,4.122920997920998
142,Santíssimo,2482,5.1643778610070745,3056,6.358718268830628
154,Jacarezinho,2375,6.718909132058391,2790,7.892950096186489
35,Vila Isabel,2358,3.585057698447691,2815,4.279871679868639
41,Olaria,2133,4.164226309007849,2661,5.195033384092772
110,Acari,2112,7.119261106991168,2834,9.55302366345311
105,Guadalupe,2073,5.052277546245522,2415,5.8857936682020915
47,Vigário Geral,2050,5.993801532074148,2299,6.721829132799252
117,Cidade de Deus,1968,6.495692642835925,2255,7.442981153249496
89,Marechal Hermes,1963,4.730234463481048,2318,5.585676763295501
112,Costa Barros,1952,7.431094868280798,2030,7.728034109943657
38,Manguinhos,1915,6.637321502842091,2245,7.781089699154305
6,Rio Comprido,1908,4.788435476584851,2388,5.993073332329468
60,Engenho Novo,1905,4.94933749025721,2036,5.289685632631853
129,Vargem Pequena,1827,6.00828729281768,2057,6.764667192843989
122,Tanque,1818,4.957055214723926,2191,5.974096796182686
65,Engenho de Dentro,1772,4.104702339587677,2161,5.005791058605514
82,Madureira,1766,4.4476905253614065,2216,5.5810205006799976
44,Brás de Pina,1760,4.6602764391251394,2094,5.544669808822751
85,Rocha Miranda,1724,4.741474147414741,2202,6.0561056105610565
53,Inhaúma,1718,4.6141863400746645,2120,5.693873714178283
120,Pechincha,1656,4.250513347022587,2013,5.166837782340862
45,Cordovil,1641,5.058413735704818,2060,6.349989211183379
43,Penha Circular,1639,4.464237075774909,1871,5.096148608160375
144,Senador Vasconcelos,1638,4.981448816981936,1907,5.799525576303145
68,Piedade,1616,4.175602697604713,2081,5.377122038190228
13,Santa Teresa,1594,4.408795463974554,1846,5.105794495920343
88,Bento Ribeiro,1541,4.132586017324144,1960,5.256241787122208
3,Caju,1529,6.355474270512927,1747,7.2616177570870395
40,Ramos,1527,4.432253570184605,1731,5.02438174851968
115,Anil,1504,4.716951544613455,1833,5.7487846949976475
61,Lins de Vasconcelos,1502,4.832845329643811,1833,5.897873161942147
76,Colégio,1496,5.574393561128293,1737,6.472407497112195
118,Curicica,1485,5.117866004962779,1720,5.927763992280121
103,Galeão,1448,6.9595309045467655,1547,7.435355186004037
64,Cachambi,1412,3.652070454956936,1798,4.650440990093888
111,Barros Filho,1400,6.848644946678408,1641,8.02759025535662
16,Laranjeiras,1389,3.5005922528289526,1737,4.37763048463923
124,Vila Valqueire,1382,4.062435697698345,1755,5.158881801346307
108,Ricardo de Albuquerque,1345,4.855245108656415,2080,7.508483142011407
36,Andaraí,1336,3.8646225050621927,1572,4.54729534278276
24,Ipanema,1314,3.5162835505365413,1412,3.778533008643528
87,Osvaldo Cruz,1289,4.297382897149525,1567,5.224204034005667
8,Estácio,1280,5.5079822711820645,1645,7.078617840698826
9,Imperial de São Cristóvão,1257,4.854781399660127,1410,5.44569751274525
37,Grajaú,1238,3.772779911013592,1527,4.653501554214665
100,Tauá,1230,4.645015105740182,1612,6.087613293051359
10,Mangueira,1228,6.68481219379423,1424,7.751769188894937
116,Gardênia Azul,1227,5.988286969253295,1342,6.549536359199609
14,Flamengo,1210,2.8101630359050582,1314,3.051697710065493
25,Leblon,1199,3.181215176439374,1360,3.6083841867869464
161,Vila Kennedy,1199,5.556327911395338,1459,6.761203021456046
130,Vargem Grande,1191,5.592336948866038,1366,6.414048927078932
109,Coelho Neto,1190,4.447766772565876,1543,5.767146327789198
81,Cascadura,1184,4.40296009817411,1506,5.60038674649511
46,Parada de Lucas,1171,5.953228266395526,1286,6.537874936451448
55,Tomás Coelho,1135,5.581509712318662,1289,6.3388246865011055
54,Engenho da Rainha,1130,4.672317552201778,1400,5.788712011577424
62,Méier,1080,2.720677146311971,1412,3.557033454252317
11,Benfica,1055,5.034838217046865,1333,6.3615538799274605
72,Vicente de Carvalho,1042,4.892018779342723,1261,5.92018779342723
70,Pilares,1036,4.405511141350569,1245,5.294267732607586
78,Quintino Bocaiúva,1021,4.127253617915757,1273,5.145929339477727
52,Del Castilho,991,4.811847535809663,1071,5.200291332847779
137,Magalhães Bastos,968,4.623393991498304,1113,5.315947843530592
98,Jardim Guanabara,967,3.570373652340866,1100,4.0614384876679965
107,Parque Anchieta,962,4.406174140063207,1211,5.546649567168965
86,Honório Gurgel,933,5.123277140189995,1163,6.386250068639833
48,Jardim América,908,4.389229951177068,1093,5.283511383960942
57,Rocha,885,5.567788612771312,1008,6.341616860648003
29,Vidigal,853,5.644520910534674,995,6.5841715193223935
102,Portuguesa,839,4.230749836115173,983,4.956885684030054
34,Maracanã,837,3.5635217983651226,877,3.7338215258855585
17,Catete,830,3.7259831208475487,948,4.255701203088526
97,Freguesia (Ilha),828,5.207874709101201,935,5.880873010881187
134,Vila Militar,798,6.165971256374594,791,6.111883789213414
99,Jardim Carioca,790,3.877681244784764,1094,5.3698522554361166
26,Lagoa,772,4.136748472832494,816,4.372521701854034
73,Vila da Penha,754,3.231059307507713,935,4.006684950291396
63,Todos os Santos,746,3.302053824362606,929,4.11207507082153
157,Vasco da Gama,745,5.119923029345062,885,6.082056216067625
133,Deodoro,742,7.142857142857142,752,7.239122063919908
136,Jardim Sulacap,696,4.837028285495864,779,5.413857808047815
39,Bonsucesso,672,3.9843472073995017,811,4.808490454168149
1,Gamboa,669,5.86173661613949,752,6.5889774818189775
5,Catumbi,662,5.425784771740021,736,6.032292435046307
84,Turiaçú,649,5.592899000344708,717,6.178903826266804
74,Vista Alegre,645,3.8356327307326357,765,4.549238820171266
4,Centro,622,2.646921145580663,599,2.549044640197455
96,Bancários,600,5.4239739649249685,619,5.595733140480926
152,Pedra de Guaratiba,599,5.023060796645702,681,5.710691823899372
79,Cavalcanti,597,4.326400463801725,768,5.565620697151967
27,Jardim Botânico,587,3.699968484084463,695,4.380712259691144
83,Vaz Lobo,582,5.2933151432469305,609,5.538881309686221
71,Vila Kosmos,544,3.6571428571428575,749,5.035294117647059
2,Santo Cristo,534,5.374396135265701,567,5.706521739130435
93,Pitangueiras,503,4.911150165983207,666,6.502636203866433
49,Higienópolis,503,3.5355310325437546,669,4.702326562170521
158,Parque Colúmbia,483,5.8744830941376796,589,7.163707127219654
28,Gávea,459,3.238323691265698,664,4.68463383660223
20,Humaitá,454,3.4805274455688444,536,4.1091689665746705
59,Sampaio,453,5.1290760869565215,561,6.351902173913043
50,Jacaré,443,5.40771484375,544,6.640625
67,Encantado,442,3.563079403466344,614,4.9496170898831116
92,Cacuia,439,4.225216554379211,554,5.332050048123196
22,Leme,422,3.3862943347777246,456,3.65912373615792
33,Alto da Boa Vista,418,4.268790849673203,497,5.0755718954248366
77,Campinho,392,4.569297120876559,408,4.7557990441776425
30,São Conrado,337,3.4617360041088854,434,4.45814072932717
58,Riachuelo,327,3.144230769230769,414,3.980769230769231
18,Cosme Velho,325,5.074953154278576,391,6.105559025608994
69,Abolição,313,3.403653762505437,363,3.9473684210526314
163,Ilha de Guaratiba,309,5.0664043285784555,357,5.853418593212003
66,Água Santa,280,4.392156862745098,364,5.709803921568628
51,Maria da Graça,277,3.843485500208131,284,3.9406132926321633
31,Praça da Bandeira,261,3.6179650679234823,263,3.6456889381757693
56,São Francisco Xavier,255,4.023351214894289,312,4.922688545282424
21,Urca,252,4.8359240069084635,289,5.545960468240261
80,Engenheiro Leal,245,4.7151655119322555,395,7.602001539645882
7,Cidade Nova,211,4.446786090621707,252,5.310853530031612
151,Barra de Guaratiba,208,4.374342797055731,247,5.19453207150368
160,Lapa,206,2.285333925005547,246,2.729088085200799
94,Praia da Bandeira,205,3.978265088298079,252,4.890355132932273
101,Moneró,181,3.162676917700507,255,4.4557050497990565
159,Gericinó,178,6.923376118241929,242,9.41267989109296
135,Campo dos Afonsos,178,8.452041785375117,221,10.493827160493826
95,Cocotá,174,3.465445130452101,254,5.058753236407091
162,Jabour,173,3.2721770380177797,277,5.239266124456213
15,Glória,169,2.375597413550745,168,2.3615406241214507
12,Paquetá,145,4.161882893226177,159,4.563719862227325
90,Ribeira,129,3.7186509080426635,126,3.6321706543672527
128,Camorim,83,6.5251572327044025,87,6.839622641509433
91,Zumbi,78,4.292790313703907,81,4.45789763346175
104,Cidade Universitária,65,5.046583850931677,91,7.065217391304348
0,Saúde,54,3.2987171655467313,71,4.337202199144777
165,Argentino,33,4.388297872340425,49,6.515957446808511
125,Joá,22,2.238046795523906,35,3.560528992878942
132,Grumari,15,8.47457627118644,9,5.084745762711865
,,,,,
,Referência: censo 2022,,,,
