bairro,ano,óbitos-gravidez,codigo
SAUDE,2006,0,001
GAMBOA,2006,0,002
CAJU,2006,0,004
CENTRO,2006,0,005
CATUMBI,2006,1,006
RIO COMPRIDO,2006,0,007
CIDADE NOVA,2006,0,008
ESTACIO,2006,0,009
SAO CRISTOVAO,2006,2,010
MANGUEIRA,2006,1,011
BENFICA,2006,1,012
SANTA TERESA,2006,1,014
FLAMENGO,2006,0,015
BOTAFOGO,2006,2,020
COPACABANA,2006,1,024
IPANEMA,2006,1,025
GAVEA,2006,1,029
VIDIGAL,2006,0,030
PRACA DA BANDEIRA,2006,0,032
TIJUCA,2006,2,033
MARACANA,2006,0,035
VILA ISABEL,2006,0,036
ANDARAI,2006,0,037
GRAJAU,2006,2,038
MANGUINHOS,2006,0,039
BONSUCESSO,2006,2,040
RAMOS,2006,0,041
OLARIA,2006,0,042
PENHA,2006,1,043
PENHA CIRCULAR,2006,0,044
BRAS DE PINA,2006,0,045
CORDOVIL,2006,1,046
PARADA DE LUCAS,2006,0,047
VIGARIO GERAL,2006,1,048
JARDIM AMERICA,2006,0,049
HIGIENOPOLIS,2006,0,050
JACARE,2006,0,051
DEL CASTILHO,2006,2,053
INHAUMA,2006,0,054
ENGENHO DA RAINHA,2006,0,055
TOMAS COELHO,2006,0,056
ROCHA,2006,0,058
ENGENHO NOVO,2006,1,061
LINS DE VASCONCELOS,2006,0,062
TODOS OS SANTOS,2006,0,064
CACHAMBI,2006,1,065
ENGENHO DE DENTRO,2006,0,066
PIEDADE,2006,0,069
PILARES,2006,0,071
VILA KOSMOS,2006,0,072
VICENTE DE CARVALHO,2006,0,073
VILA DA PENHA,2006,0,074
VISTA ALEGRE,2006,1,075
IRAJA,2006,1,076
COLEGIO,2006,1,077
QUINTINO BOCAIUVA,2006,0,079
CAVALCANTE,2006,1,080
ENGENHEIRO LEAL,2006,1,081
MADUREIRA,2006,1,083
ROCHA MIRANDA,2006,0,086
OSWALDO CRUZ,2006,0,088
BENTO RIBEIRO,2006,0,089
MARECHAL HERMES,2006,1,090
CACUIA,2006,0,093
PITANGUEIRAS,2006,0,094
FREGUESIA-ILHA,2006,0,098
JARDIM GUANABARA,2006,0,099
JARDIM CARIOCA,2006,1,100
TAUA,2006,0,101
MONERO,2006,0,102
PORTUGUESA,2006,0,103
GALEAO,2006,0,104
GUADALUPE,2006,1,106
ANCHIETA,2006,2,107
RICARDO ALBUQUERQUE,2006,1,109
COELHO NETO,2006,0,110
ACARI,2006,1,111
BARROS FILHO,2006,0,112
COSTA BARROS,2006,0,113
PAVUNA,2006,1,114
JACAREPAGUA,2006,1,115
ANIL,2006,1,116
GARDENIA AZUL,2006,1,117
CIDADE DE DEUS,2006,0,118
CURICICA,2006,0,119
FREGUESIA-JPA,2006,0,120
TAQUARA,2006,0,122
TANQUE,2006,0,123
PRACA SECA,2006,0,124
VILA VALQUEIRE,2006,0,125
ITANHANGA,2006,0,127
BARRA DA TIJUCA,2006,0,128
VARGEM PEQUENA,2006,0,130
RECREIO BANDEIRANTES,2006,0,132
VILA MILITAR,2006,0,135
MAGALHAES BASTOS,2006,0,138
REALENGO,2006,2,139
PADRE MIGUEL,2006,2,140
BANGU,2006,2,141
SENADOR CAMARA,2006,0,142
SANTISSIMO,2006,0,143
CAMPO GRANDE,2006,3,144
SENADOR VASCONCELOS,2006,0,145
INHOAIBA,2006,0,146
COSMOS,2006,0,147
PACIENCIA,2006,1,148
SANTA CRUZ,2006,1,149
SEPETIBA,2006,0,150
GUARATIBA,2006,1,151
BARRA DE GUARATIBA,2006,0,152
PEDRA DE GUARATIBA,2006,0,153
ROCINHA,2006,0,154
JACAREZINHO,2006,0,155
COMPLEXO DO ALEMAO,2006,0,156
COMPLEXO DA MARE,2006,1,157
PARQUE COLUMBIA,2006,0,158
VASCO DA GAMA,2006,0,159
ILHA DO GOVERNADOR - IGNORADO,2006,1,998
IGNORADO BAIRRO-MRJ,2006,1,999
,2006,22,
SAUDE,2007,0,001
GAMBOA,2007,0,002
CAJU,2007,1,004
CENTRO,2007,1,005
CATUMBI,2007,0,006
RIO COMPRIDO,2007,0,007
CIDADE NOVA,2007,0,008
ESTACIO,2007,1,009
SAO CRISTOVAO,2007,0,010
MANGUEIRA,2007,0,011
BENFICA,2007,1,012
SANTA TERESA,2007,0,014
FLAMENGO,2007,0,015
BOTAFOGO,2007,0,020
COPACABANA,2007,2,024
IPANEMA,2007,0,025
GAVEA,2007,1,029
VIDIGAL,2007,1,030
PRACA DA BANDEIRA,2007,0,032
TIJUCA,2007,1,033
MARACANA,2007,1,035
VILA ISABEL,2007,0,036
ANDARAI,2007,0,037
GRAJAU,2007,1,038
MANGUINHOS,2007,0,039
BONSUCESSO,2007,0,040
RAMOS,2007,1,041
OLARIA,2007,0,042
PENHA,2007,0,043
PENHA CIRCULAR,2007,0,044
BRAS DE PINA,2007,0,045
CORDOVIL,2007,0,046
PARADA DE LUCAS,2007,0,047
VIGARIO GERAL,2007,0,048
JARDIM AMERICA,2007,0,049
HIGIENOPOLIS,2007,0,050
JACARE,2007,0,051
DEL CASTILHO,2007,0,053
INHAUMA,2007,1,054
ENGENHO DA RAINHA,2007,0,055
TOMAS COELHO,2007,0,056
ROCHA,2007,0,058
ENGENHO NOVO,2007,0,061
LINS DE VASCONCELOS,2007,0,062
TODOS OS SANTOS,2007,0,064
CACHAMBI,2007,0,065
ENGENHO DE DENTRO,2007,1,066
PIEDADE,2007,1,069
PILARES,2007,0,071
VILA KOSMOS,2007,0,072
VICENTE DE CARVALHO,2007,1,073
VILA DA PENHA,2007,0,074
VISTA ALEGRE,2007,0,075
IRAJA,2007,2,076
COLEGIO,2007,0,077
QUINTINO BOCAIUVA,2007,0,079
CAVALCANTE,2007,0,080
ENGENHEIRO LEAL,2007,0,081
MADUREIRA,2007,2,083
ROCHA MIRANDA,2007,1,086
OSWALDO CRUZ,2007,1,088
BENTO RIBEIRO,2007,1,089
MARECHAL HERMES,2007,0,090
CACUIA,2007,0,093
PITANGUEIRAS,2007,0,094
FREGUESIA-ILHA,2007,0,098
JARDIM GUANABARA,2007,0,099
JARDIM CARIOCA,2007,0,100
TAUA,2007,0,101
MONERO,2007,0,102
PORTUGUESA,2007,0,103
GALEAO,2007,0,104
GUADALUPE,2007,0,106
ANCHIETA,2007,2,107
RICARDO ALBUQUERQUE,2007,0,109
COELHO NETO,2007,1,110
ACARI,2007,0,111
BARROS FILHO,2007,0,112
COSTA BARROS,2007,1,113
PAVUNA,2007,1,114
JACAREPAGUA,2007,2,115
ANIL,2007,1,116
GARDENIA AZUL,2007,0,117
CIDADE DE DEUS,2007,1,118
CURICICA,2007,0,119
FREGUESIA-JPA,2007,0,120
TAQUARA,2007,2,122
TANQUE,2007,0,123
PRACA SECA,2007,1,124
VILA VALQUEIRE,2007,0,125
ITANHANGA,2007,0,127
BARRA DA TIJUCA,2007,0,128
VARGEM PEQUENA,2007,0,130
RECREIO BANDEIRANTES,2007,0,132
VILA MILITAR,2007,0,135
MAGALHAES BASTOS,2007,0,138
REALENGO,2007,1,139
PADRE MIGUEL,2007,1,140
BANGU,2007,2,141
SENADOR CAMARA,2007,0,142
SANTISSIMO,2007,0,143
CAMPO GRANDE,2007,4,144
SENADOR VASCONCELOS,2007,0,145
INHOAIBA,2007,1,146
COSMOS,2007,1,147
PACIENCIA,2007,0,148
SANTA CRUZ,2007,4,149
SEPETIBA,2007,0,150
GUARATIBA,2007,0,151
BARRA DE GUARATIBA,2007,0,152
PEDRA DE GUARATIBA,2007,0,153
ROCINHA,2007,0,154
JACAREZINHO,2007,1,155
COMPLEXO DO ALEMAO,2007,0,156
COMPLEXO DA MARE,2007,1,157
PARQUE COLUMBIA,2007,0,158
VASCO DA GAMA,2007,0,159
ILHA DO GOVERNADOR - IGNORADO,2007,0,998
IGNORADO BAIRRO-MRJ,2007,2,999
,2007,16,
SAUDE,2008,0,001
GAMBOA,2008,0,002
CAJU,2008,0,004
CENTRO,2008,1,005
CATUMBI,2008,0,006
RIO COMPRIDO,2008,0,007
CIDADE NOVA,2008,0,008
ESTACIO,2008,0,009
SAO CRISTOVAO,2008,1,010
MANGUEIRA,2008,0,011
BENFICA,2008,0,012
SANTA TERESA,2008,0,014
FLAMENGO,2008,1,015
BOTAFOGO,2008,0,020
COPACABANA,2008,0,024
IPANEMA,2008,0,025
GAVEA,2008,0,029
VIDIGAL,2008,0,030
PRACA DA BANDEIRA,2008,0,032
TIJUCA,2008,0,033
MARACANA,2008,0,035
VILA ISABEL,2008,1,036
ANDARAI,2008,1,037
GRAJAU,2008,0,038
MANGUINHOS,2008,0,039
BONSUCESSO,2008,0,040
RAMOS,2008,0,041
OLARIA,2008,0,042
PENHA,2008,0,043
PENHA CIRCULAR,2008,0,044
BRAS DE PINA,2008,0,045
CORDOVIL,2008,1,046
PARADA DE LUCAS,2008,0,047
VIGARIO GERAL,2008,1,048
JARDIM AMERICA,2008,1,049
HIGIENOPOLIS,2008,0,050
JACARE,2008,0,051
DEL CASTILHO,2008,0,053
INHAUMA,2008,0,054
ENGENHO DA RAINHA,2008,1,055
TOMAS COELHO,2008,0,056
ROCHA,2008,0,058
ENGENHO NOVO,2008,0,061
LINS DE VASCONCELOS,2008,1,062
TODOS OS SANTOS,2008,0,064
CACHAMBI,2008,0,065
ENGENHO DE DENTRO,2008,0,066
PIEDADE,2008,1,069
PILARES,2008,1,071
VILA KOSMOS,2008,1,072
VICENTE DE CARVALHO,2008,1,073
VILA DA PENHA,2008,1,074
VISTA ALEGRE,2008,1,075
IRAJA,2008,1,076
COLEGIO,2008,0,077
QUINTINO BOCAIUVA,2008,0,079
CAVALCANTE,2008,0,080
ENGENHEIRO LEAL,2008,0,081
MADUREIRA,2008,0,083
ROCHA MIRANDA,2008,0,086
OSWALDO CRUZ,2008,0,088
BENTO RIBEIRO,2008,0,089
MARECHAL HERMES,2008,0,090
CACUIA,2008,0,093
PITANGUEIRAS,2008,0,094
FREGUESIA-ILHA,2008,0,098
JARDIM GUANABARA,2008,0,099
JARDIM CARIOCA,2008,1,100
TAUA,2008,0,101
MONERO,2008,1,102
PORTUGUESA,2008,0,103
GALEAO,2008,0,104
GUADALUPE,2008,0,106
ANCHIETA,2008,1,107
RICARDO ALBUQUERQUE,2008,0,109
COELHO NETO,2008,0,110
ACARI,2008,0,111
BARROS FILHO,2008,0,112
COSTA BARROS,2008,0,113
PAVUNA,2008,2,114
JACAREPAGUA,2008,1,115
ANIL,2008,0,116
GARDENIA AZUL,2008,1,117
CIDADE DE DEUS,2008,0,118
CURICICA,2008,0,119
FREGUESIA-JPA,2008,0,120
TAQUARA,2008,0,122
TANQUE,2008,0,123
PRACA SECA,2008,0,124
VILA VALQUEIRE,2008,1,125
ITANHANGA,2008,2,127
BARRA DA TIJUCA,2008,0,128
VARGEM PEQUENA,2008,0,130
RECREIO BANDEIRANTES,2008,0,132
VILA MILITAR,2008,0,135
MAGALHAES BASTOS,2008,0,138
REALENGO,2008,1,139
PADRE MIGUEL,2008,0,140
BANGU,2008,3,141
SENADOR CAMARA,2008,2,142
SANTISSIMO,2008,0,143
CAMPO GRANDE,2008,3,144
SENADOR VASCONCELOS,2008,1,145
INHOAIBA,2008,0,146
COSMOS,2008,1,147
PACIENCIA,2008,2,148
SANTA CRUZ,2008,1,149
SEPETIBA,2008,2,150
GUARATIBA,2008,0,151
BARRA DE GUARATIBA,2008,0,152
PEDRA DE GUARATIBA,2008,0,153
ROCINHA,2008,0,154
JACAREZINHO,2008,0,155
COMPLEXO DO ALEMAO,2008,0,156
COMPLEXO DA MARE,2008,2,157
PARQUE COLUMBIA,2008,0,158
VASCO DA GAMA,2008,0,159
ILHA DO GOVERNADOR - IGNORADO,2008,0,998
IGNORADO BAIRRO-MRJ,2008,1,999
,2008,11,
SAUDE,2009,0,001
GAMBOA,2009,0,002
CAJU,2009,0,004
CENTRO,2009,1,005
CATUMBI,2009,0,006
RIO COMPRIDO,2009,0,007
CIDADE NOVA,2009,0,008
ESTACIO,2009,0,009
SAO CRISTOVAO,2009,0,010
MANGUEIRA,2009,0,011
BENFICA,2009,0,012
SANTA TERESA,2009,1,014
FLAMENGO,2009,0,015
BOTAFOGO,2009,0,020
COPACABANA,2009,0,024
IPANEMA,2009,1,025
GAVEA,2009,0,029
VIDIGAL,2009,0,030
PRACA DA BANDEIRA,2009,0,032
TIJUCA,2009,0,033
MARACANA,2009,0,035
VILA ISABEL,2009,0,036
ANDARAI,2009,1,037
GRAJAU,2009,0,038
MANGUINHOS,2009,1,039
BONSUCESSO,2009,0,040
RAMOS,2009,0,041
OLARIA,2009,2,042
PENHA,2009,0,043
PENHA CIRCULAR,2009,1,044
BRAS DE PINA,2009,1,045
CORDOVIL,2009,0,046
PARADA DE LUCAS,2009,1,047
VIGARIO GERAL,2009,2,048
JARDIM AMERICA,2009,1,049
HIGIENOPOLIS,2009,0,050
JACARE,2009,0,051
DEL CASTILHO,2009,0,053
INHAUMA,2009,2,054
ENGENHO DA RAINHA,2009,0,055
TOMAS COELHO,2009,1,056
ROCHA,2009,0,058
ENGENHO NOVO,2009,0,061
LINS DE VASCONCELOS,2009,1,062
TODOS OS SANTOS,2009,1,064
CACHAMBI,2009,0,065
ENGENHO DE DENTRO,2009,0,066
PIEDADE,2009,0,069
PILARES,2009,0,071
VILA KOSMOS,2009,0,072
VICENTE DE CARVALHO,2009,0,073
VILA DA PENHA,2009,0,074
VISTA ALEGRE,2009,0,075
IRAJA,2009,1,076
COLEGIO,2009,0,077
QUINTINO BOCAIUVA,2009,1,079
CAVALCANTE,2009,0,080
ENGENHEIRO LEAL,2009,0,081
MADUREIRA,2009,1,083
ROCHA MIRANDA,2009,0,086
OSWALDO CRUZ,2009,1,088
BENTO RIBEIRO,2009,1,089
MARECHAL HERMES,2009,0,090
CACUIA,2009,1,093
PITANGUEIRAS,2009,2,094
FREGUESIA-ILHA,2009,0,098
JARDIM GUANABARA,2009,1,099
JARDIM CARIOCA,2009,0,100
TAUA,2009,1,101
MONERO,2009,0,102
PORTUGUESA,2009,1,103
GALEAO,2009,1,104
GUADALUPE,2009,1,106
ANCHIETA,2009,1,107
RICARDO ALBUQUERQUE,2009,0,109
COELHO NETO,2009,1,110
ACARI,2009,0,111
BARROS FILHO,2009,1,112
COSTA BARROS,2009,1,113
PAVUNA,2009,0,114
JACAREPAGUA,2009,0,115
ANIL,2009,0,116
GARDENIA AZUL,2009,0,117
CIDADE DE DEUS,2009,0,118
CURICICA,2009,1,119
FREGUESIA-JPA,2009,1,120
TAQUARA,2009,0,122
TANQUE,2009,0,123
PRACA SECA,2009,1,124
VILA VALQUEIRE,2009,0,125
ITANHANGA,2009,0,127
BARRA DA TIJUCA,2009,0,128
VARGEM PEQUENA,2009,0,130
RECREIO BANDEIRANTES,2009,0,132
VILA MILITAR,2009,0,135
MAGALHAES BASTOS,2009,0,138
REALENGO,2009,2,139
PADRE MIGUEL,2009,0,140
BANGU,2009,4,141
SENADOR CAMARA,2009,1,142
SANTISSIMO,2009,1,143
CAMPO GRANDE,2009,5,144
SENADOR VASCONCELOS,2009,0,145
INHOAIBA,2009,1,146
COSMOS,2009,0,147
PACIENCIA,2009,0,148
SANTA CRUZ,2009,3,149
SEPETIBA,2009,0,150
GUARATIBA,2009,1,151
BARRA DE GUARATIBA,2009,0,152
PEDRA DE GUARATIBA,2009,0,153
ROCINHA,2009,0,154
JACAREZINHO,2009,0,155
COMPLEXO DO ALEMAO,2009,0,156
COMPLEXO DA MARE,2009,2,157
PARQUE COLUMBIA,2009,0,158
VASCO DA GAMA,2009,0,159
ILHA DO GOVERNADOR - IGNORADO,2009,0,998
IGNORADO BAIRRO-MRJ,2009,0,999
,2009,13,
SAUDE,2010,0,001
GAMBOA,2010,0,002
CAJU,2010,0,004
CENTRO,2010,0,005
CATUMBI,2010,0,006
RIO COMPRIDO,2010,0,007
CIDADE NOVA,2010,0,008
ESTACIO,2010,0,009
SAO CRISTOVAO,2010,0,010
MANGUEIRA,2010,0,011
BENFICA,2010,0,012
SANTA TERESA,2010,0,014
FLAMENGO,2010,1,015
BOTAFOGO,2010,0,020
COPACABANA,2010,0,024
IPANEMA,2010,0,025
GAVEA,2010,0,029
VIDIGAL,2010,0,030
PRACA DA BANDEIRA,2010,0,032
TIJUCA,2010,1,033
MARACANA,2010,0,035
VILA ISABEL,2010,0,036
ANDARAI,2010,0,037
GRAJAU,2010,0,038
MANGUINHOS,2010,0,039
BONSUCESSO,2010,0,040
RAMOS,2010,0,041
OLARIA,2010,0,042
PENHA,2010,1,043
PENHA CIRCULAR,2010,0,044
BRAS DE PINA,2010,0,045
CORDOVIL,2010,0,046
PARADA DE LUCAS,2010,0,047
VIGARIO GERAL,2010,0,048
JARDIM AMERICA,2010,0,049
HIGIENOPOLIS,2010,0,050
JACARE,2010,0,051
DEL CASTILHO,2010,0,053
INHAUMA,2010,0,054
ENGENHO DA RAINHA,2010,0,055
TOMAS COELHO,2010,0,056
ROCHA,2010,0,058
ENGENHO NOVO,2010,0,061
LINS DE VASCONCELOS,2010,0,062
TODOS OS SANTOS,2010,0,064
CACHAMBI,2010,0,065
ENGENHO DE DENTRO,2010,0,066
PIEDADE,2010,0,069
PILARES,2010,0,071
VILA KOSMOS,2010,0,072
VICENTE DE CARVALHO,2010,0,073
VILA DA PENHA,2010,0,074
VISTA ALEGRE,2010,0,075
IRAJA,2010,2,076
COLEGIO,2010,1,077
QUINTINO BOCAIUVA,2010,0,079
CAVALCANTE,2010,0,080
ENGENHEIRO LEAL,2010,0,081
MADUREIRA,2010,0,083
ROCHA MIRANDA,2010,0,086
OSWALDO CRUZ,2010,0,088
BENTO RIBEIRO,2010,0,089
MARECHAL HERMES,2010,0,090
CACUIA,2010,0,093
PITANGUEIRAS,2010,0,094
FREGUESIA-ILHA,2010,0,098
JARDIM GUANABARA,2010,0,099
JARDIM CARIOCA,2010,0,100
TAUA,2010,0,101
MONERO,2010,0,102
PORTUGUESA,2010,0,103
GALEAO,2010,1,104
GUADALUPE,2010,0,106
ANCHIETA,2010,0,107
RICARDO ALBUQUERQUE,2010,0,109
COELHO NETO,2010,0,110
ACARI,2010,0,111
BARROS FILHO,2010,0,112
COSTA BARROS,2010,0,113
PAVUNA,2010,1,114
JACAREPAGUA,2010,0,115
ANIL,2010,0,116
GARDENIA AZUL,2010,0,117
CIDADE DE DEUS,2010,0,118
CURICICA,2010,2,119
FREGUESIA-JPA,2010,1,120
TAQUARA,2010,0,122
TANQUE,2010,0,123
PRACA SECA,2010,1,124
VILA VALQUEIRE,2010,0,125
ITANHANGA,2010,1,127
BARRA DA TIJUCA,2010,0,128
VARGEM PEQUENA,2010,0,130
RECREIO BANDEIRANTES,2010,0,132
VILA MILITAR,2010,0,135
MAGALHAES BASTOS,2010,0,138
REALENGO,2010,1,139
PADRE MIGUEL,2010,0,140
BANGU,2010,1,141
SENADOR CAMARA,2010,1,142
SANTISSIMO,2010,0,143
CAMPO GRANDE,2010,2,144
SENADOR VASCONCELOS,2010,0,145
INHOAIBA,2010,0,146
COSMOS,2010,1,147
PACIENCIA,2010,1,148
SANTA CRUZ,2010,2,149
SEPETIBA,2010,0,150
GUARATIBA,2010,0,151
BARRA DE GUARATIBA,2010,0,152
PEDRA DE GUARATIBA,2010,0,153
ROCINHA,2010,1,154
JACAREZINHO,2010,0,155
COMPLEXO DO ALEMAO,2010,1,156
COMPLEXO DA MARE,2010,2,157
PARQUE COLUMBIA,2010,0,158
VASCO DA GAMA,2010,0,159
ILHA DO GOVERNADOR - IGNORADO,2010,0,998
IGNORADO BAIRRO-MRJ,2010,0,999
,2010,7,
SAUDE,2011,0,001
GAMBOA,2011,0,002
CAJU,2011,0,004
CENTRO,2011,1,005
CATUMBI,2011,1,006
RIO COMPRIDO,2011,0,007
CIDADE NOVA,2011,0,008
ESTACIO,2011,0,009
SAO CRISTOVAO,2011,0,010
MANGUEIRA,2011,0,011
BENFICA,2011,2,012
SANTA TERESA,2011,0,014
FLAMENGO,2011,0,015
BOTAFOGO,2011,0,020
COPACABANA,2011,0,024
IPANEMA,2011,0,025
GAVEA,2011,0,029
VIDIGAL,2011,0,030
PRACA DA BANDEIRA,2011,0,032
TIJUCA,2011,1,033
MARACANA,2011,0,035
VILA ISABEL,2011,0,036
ANDARAI,2011,0,037
GRAJAU,2011,0,038
MANGUINHOS,2011,0,039
BONSUCESSO,2011,0,040
RAMOS,2011,0,041
OLARIA,2011,1,042
PENHA,2011,0,043
PENHA CIRCULAR,2011,0,044
BRAS DE PINA,2011,0,045
CORDOVIL,2011,0,046
PARADA DE LUCAS,2011,0,047
VIGARIO GERAL,2011,0,048
JARDIM AMERICA,2011,0,049
HIGIENOPOLIS,2011,0,050
JACARE,2011,0,051
DEL CASTILHO,2011,0,053
INHAUMA,2011,0,054
ENGENHO DA RAINHA,2011,0,055
TOMAS COELHO,2011,0,056
ROCHA,2011,0,058
ENGENHO NOVO,2011,0,061
LINS DE VASCONCELOS,2011,0,062
TODOS OS SANTOS,2011,0,064
CACHAMBI,2011,0,065
ENGENHO DE DENTRO,2011,0,066
PIEDADE,2011,0,069
PILARES,2011,0,071
VILA KOSMOS,2011,0,072
VICENTE DE CARVALHO,2011,0,073
VILA DA PENHA,2011,0,074
VISTA ALEGRE,2011,0,075
IRAJA,2011,0,076
COLEGIO,2011,0,077
QUINTINO BOCAIUVA,2011,0,079
CAVALCANTE,2011,0,080
ENGENHEIRO LEAL,2011,0,081
MADUREIRA,2011,0,083
ROCHA MIRANDA,2011,0,086
OSWALDO CRUZ,2011,0,088
BENTO RIBEIRO,2011,0,089
MARECHAL HERMES,2011,0,090
CACUIA,2011,0,093
PITANGUEIRAS,2011,0,094
FREGUESIA-ILHA,2011,0,098
JARDIM GUANABARA,2011,0,099
JARDIM CARIOCA,2011,0,100
TAUA,2011,0,101
MONERO,2011,0,102
PORTUGUESA,2011,1,103
GALEAO,2011,0,104
GUADALUPE,2011,0,106
ANCHIETA,2011,0,107
RICARDO ALBUQUERQUE,2011,0,109
COELHO NETO,2011,0,110
ACARI,2011,0,111
BARROS FILHO,2011,0,112
COSTA BARROS,2011,0,113
PAVUNA,2011,0,114
JACAREPAGUA,2011,0,115
ANIL,2011,1,116
GARDENIA AZUL,2011,0,117
CIDADE DE DEUS,2011,0,118
CURICICA,2011,1,119
FREGUESIA-JPA,2011,0,120
TAQUARA,2011,0,122
TANQUE,2011,0,123
PRACA SECA,2011,0,124
VILA VALQUEIRE,2011,0,125
ITANHANGA,2011,0,127
BARRA DA TIJUCA,2011,0,128
VARGEM PEQUENA,2011,0,130
RECREIO BANDEIRANTES,2011,0,132
VILA MILITAR,2011,0,135
MAGALHAES BASTOS,2011,0,138
REALENGO,2011,1,139
PADRE MIGUEL,2011,0,140
BANGU,2011,1,141
SENADOR CAMARA,2011,0,142
SANTISSIMO,2011,0,143
CAMPO GRANDE,2011,1,144
SENADOR VASCONCELOS,2011,0,145
INHOAIBA,2011,0,146
COSMOS,2011,0,147
PACIENCIA,2011,1,148
SANTA CRUZ,2011,3,149
SEPETIBA,2011,0,150
GUARATIBA,2011,0,151
BARRA DE GUARATIBA,2011,0,152
PEDRA DE GUARATIBA,2011,0,153
ROCINHA,2011,0,154
JACAREZINHO,2011,0,155
COMPLEXO DO ALEMAO,2011,0,156
COMPLEXO DA MARE,2011,0,157
PARQUE COLUMBIA,2011,0,158
VASCO DA GAMA,2011,0,159
ILHA DO GOVERNADOR - IGNORADO,2011,0,998
IGNORADO BAIRRO-MRJ,2011,0,999
,2011,3,
SAUDE,2012,0,001
GAMBOA,2012,0,002
CAJU,2012,0,004
CENTRO,2012,0,005
CATUMBI,2012,0,006
RIO COMPRIDO,2012,0,007
CIDADE NOVA,2012,0,008
ESTACIO,2012,1,009
SAO CRISTOVAO,2012,0,010
MANGUEIRA,2012,0,011
BENFICA,2012,0,012
SANTA TERESA,2012,0,014
FLAMENGO,2012,0,015
BOTAFOGO,2012,0,020
COPACABANA,2012,3,024
IPANEMA,2012,0,025
GAVEA,2012,0,029
VIDIGAL,2012,0,030
PRACA DA BANDEIRA,2012,1,032
TIJUCA,2012,0,033
MARACANA,2012,0,035
VILA ISABEL,2012,0,036
ANDARAI,2012,0,037
GRAJAU,2012,0,038
MANGUINHOS,2012,0,039
BONSUCESSO,2012,0,040
RAMOS,2012,0,041
OLARIA,2012,0,042
PENHA,2012,0,043
PENHA CIRCULAR,2012,0,044
BRAS DE PINA,2012,0,045
CORDOVIL,2012,0,046
PARADA DE LUCAS,2012,0,047
VIGARIO GERAL,2012,0,048
JARDIM AMERICA,2012,0,049
HIGIENOPOLIS,2012,0,050
JACARE,2012,0,051
DEL CASTILHO,2012,0,053
INHAUMA,2012,0,054
ENGENHO DA RAINHA,2012,0,055
TOMAS COELHO,2012,0,056
ROCHA,2012,0,058
ENGENHO NOVO,2012,0,061
LINS DE VASCONCELOS,2012,0,062
TODOS OS SANTOS,2012,0,064
CACHAMBI,2012,0,065
ENGENHO DE DENTRO,2012,0,066
PIEDADE,2012,0,069
PILARES,2012,0,071
VILA KOSMOS,2012,0,072
VICENTE DE CARVALHO,2012,0,073
VILA DA PENHA,2012,0,074
VISTA ALEGRE,2012,0,075
IRAJA,2012,0,076
COLEGIO,2012,0,077
QUINTINO BOCAIUVA,2012,0,079
CAVALCANTE,2012,0,080
ENGENHEIRO LEAL,2012,0,081
MADUREIRA,2012,1,083
ROCHA MIRANDA,2012,0,086
OSWALDO CRUZ,2012,0,088
BENTO RIBEIRO,2012,0,089
MARECHAL HERMES,2012,0,090
CACUIA,2012,0,093
PITANGUEIRAS,2012,0,094
FREGUESIA-ILHA,2012,1,098
JARDIM GUANABARA,2012,0,099
JARDIM CARIOCA,2012,0,100
TAUA,2012,0,101
MONERO,2012,0,102
PORTUGUESA,2012,0,103
GALEAO,2012,0,104
GUADALUPE,2012,0,106
ANCHIETA,2012,0,107
RICARDO ALBUQUERQUE,2012,0,109
COELHO NETO,2012,0,110
ACARI,2012,0,111
BARROS FILHO,2012,0,112
COSTA BARROS,2012,0,113
PAVUNA,2012,0,114
JACAREPAGUA,2012,0,115
ANIL,2012,1,116
GARDENIA AZUL,2012,1,117
CIDADE DE DEUS,2012,0,118
CURICICA,2012,0,119
FREGUESIA-JPA,2012,0,120
TAQUARA,2012,1,122
TANQUE,2012,0,123
PRACA SECA,2012,0,124
VILA VALQUEIRE,2012,0,125
ITANHANGA,2012,1,127
BARRA DA TIJUCA,2012,0,128
VARGEM PEQUENA,2012,0,130
RECREIO BANDEIRANTES,2012,1,132
VILA MILITAR,2012,0,135
MAGALHAES BASTOS,2012,0,138
REALENGO,2012,0,139
PADRE MIGUEL,2012,0,140
BANGU,2012,2,141
SENADOR CAMARA,2012,1,142
SANTISSIMO,2012,0,143
CAMPO GRANDE,2012,1,144
SENADOR VASCONCELOS,2012,0,145
INHOAIBA,2012,0,146
COSMOS,2012,0,147
PACIENCIA,2012,0,148
SANTA CRUZ,2012,0,149
SEPETIBA,2012,1,150
GUARATIBA,2012,0,151
BARRA DE GUARATIBA,2012,0,152
PEDRA DE GUARATIBA,2012,1,153
ROCINHA,2012,0,154
JACAREZINHO,2012,0,155
COMPLEXO DO ALEMAO,2012,0,156
COMPLEXO DA MARE,2012,0,157
PARQUE COLUMBIA,2012,0,158
VASCO DA GAMA,2012,0,159
ILHA DO GOVERNADOR - IGNORADO,2012,0,998
IGNORADO BAIRRO-MRJ,2012,0,999
,2012,6,
SAUDE,2013,0,001
GAMBOA,2013,0,002
CAJU,2013,1,004
CENTRO,2013,0,005
CATUMBI,2013,0,006
RIO COMPRIDO,2013,2,007
CIDADE NOVA,2013,0,008
ESTACIO,2013,0,009
SAO CRISTOVAO,2013,1,010
MANGUEIRA,2013,0,011
BENFICA,2013,0,012
SANTA TERESA,2013,0,014
FLAMENGO,2013,0,015
BOTAFOGO,2013,0,020
COPACABANA,2013,0,024
IPANEMA,2013,0,025
GAVEA,2013,0,029
VIDIGAL,2013,0,030
PRACA DA BANDEIRA,2013,0,032
TIJUCA,2013,1,033
MARACANA,2013,0,035
VILA ISABEL,2013,0,036
ANDARAI,2013,0,037
GRAJAU,2013,0,038
MANGUINHOS,2013,0,039
BONSUCESSO,2013,0,040
RAMOS,2013,0,041
OLARIA,2013,0,042
PENHA,2013,1,043
PENHA CIRCULAR,2013,0,044
BRAS DE PINA,2013,0,045
CORDOVIL,2013,0,046
PARADA DE LUCAS,2013,0,047
VIGARIO GERAL,2013,0,048
JARDIM AMERICA,2013,0,049
HIGIENOPOLIS,2013,0,050
JACARE,2013,0,051
DEL CASTILHO,2013,0,053
INHAUMA,2013,0,054
ENGENHO DA RAINHA,2013,0,055
TOMAS COELHO,2013,0,056
ROCHA,2013,0,058
ENGENHO NOVO,2013,2,061
LINS DE VASCONCELOS,2013,0,062
TODOS OS SANTOS,2013,0,064
CACHAMBI,2013,0,065
ENGENHO DE DENTRO,2013,1,066
PIEDADE,2013,0,069
PILARES,2013,0,071
VILA KOSMOS,2013,0,072
VICENTE DE CARVALHO,2013,0,073
VILA DA PENHA,2013,0,074
VISTA ALEGRE,2013,0,075
IRAJA,2013,0,076
COLEGIO,2013,1,077
QUINTINO BOCAIUVA,2013,1,079
CAVALCANTE,2013,0,080
ENGENHEIRO LEAL,2013,0,081
MADUREIRA,2013,0,083
ROCHA MIRANDA,2013,0,086
OSWALDO CRUZ,2013,0,088
BENTO RIBEIRO,2013,0,089
MARECHAL HERMES,2013,0,090
CACUIA,2013,0,093
PITANGUEIRAS,2013,0,094
FREGUESIA-ILHA,2013,0,098
JARDIM GUANABARA,2013,0,099
JARDIM CARIOCA,2013,0,100
TAUA,2013,0,101
MONERO,2013,0,102
PORTUGUESA,2013,1,103
GALEAO,2013,0,104
GUADALUPE,2013,2,106
ANCHIETA,2013,0,107
RICARDO ALBUQUERQUE,2013,1,109
COELHO NETO,2013,1,110
ACARI,2013,0,111
BARROS FILHO,2013,0,112
COSTA BARROS,2013,0,113
PAVUNA,2013,2,114
JACAREPAGUA,2013,1,115
ANIL,2013,0,116
GARDENIA AZUL,2013,0,117
CIDADE DE DEUS,2013,0,118
CURICICA,2013,0,119
FREGUESIA-JPA,2013,0,120
TAQUARA,2013,0,122
TANQUE,2013,0,123
PRACA SECA,2013,0,124
VILA VALQUEIRE,2013,0,125
ITANHANGA,2013,0,127
BARRA DA TIJUCA,2013,1,128
VARGEM PEQUENA,2013,0,130
RECREIO BANDEIRANTES,2013,0,132
VILA MILITAR,2013,0,135
MAGALHAES BASTOS,2013,0,138
REALENGO,2013,0,139
PADRE MIGUEL,2013,0,140
BANGU,2013,0,141
SENADOR CAMARA,2013,1,142
SANTISSIMO,2013,0,143
CAMPO GRANDE,2013,1,144
SENADOR VASCONCELOS,2013,0,145
INHOAIBA,2013,0,146
COSMOS,2013,0,147
PACIENCIA,2013,1,148
SANTA CRUZ,2013,1,149
SEPETIBA,2013,0,150
GUARATIBA,2013,1,151
BARRA DE GUARATIBA,2013,0,152
PEDRA DE GUARATIBA,2013,0,153
ROCINHA,2013,0,154
JACAREZINHO,2013,1,155
COMPLEXO DO ALEMAO,2013,0,156
COMPLEXO DA MARE,2013,2,157
PARQUE COLUMBIA,2013,1,158
VASCO DA GAMA,2013,0,159
ILHA DO GOVERNADOR - IGNORADO,2013,0,998
IGNORADO BAIRRO-MRJ,2013,0,999
,2013,8,
SAUDE,2014,0,001
GAMBOA,2014,1,002
CAJU,2014,0,004
CENTRO,2014,0,005
CATUMBI,2014,0,006
RIO COMPRIDO,2014,0,007
CIDADE NOVA,2014,0,008
ESTACIO,2014,0,009
SAO CRISTOVAO,2014,1,010
MANGUEIRA,2014,0,011
BENFICA,2014,0,012
SANTA TERESA,2014,0,014
FLAMENGO,2014,0,015
BOTAFOGO,2014,2,020
COPACABANA,2014,0,024
IPANEMA,2014,0,025
GAVEA,2014,0,029
VIDIGAL,2014,0,030
PRACA DA BANDEIRA,2014,0,032
TIJUCA,2014,0,033
MARACANA,2014,0,035
VILA ISABEL,2014,2,036
ANDARAI,2014,0,037
GRAJAU,2014,0,038
MANGUINHOS,2014,0,039
BONSUCESSO,2014,0,040
RAMOS,2014,0,041
OLARIA,2014,0,042
PENHA,2014,1,043
PENHA CIRCULAR,2014,0,044
BRAS DE PINA,2014,0,045
CORDOVIL,2014,0,046
PARADA DE LUCAS,2014,0,047
VIGARIO GERAL,2014,0,048
JARDIM AMERICA,2014,1,049
HIGIENOPOLIS,2014,0,050
JACARE,2014,0,051
DEL CASTILHO,2014,0,053
INHAUMA,2014,4,054
ENGENHO DA RAINHA,2014,0,055
TOMAS COELHO,2014,0,056
ROCHA,2014,0,058
ENGENHO NOVO,2014,0,061
LINS DE VASCONCELOS,2014,0,062
TODOS OS SANTOS,2014,0,064
CACHAMBI,2014,0,065
ENGENHO DE DENTRO,2014,0,066
PIEDADE,2014,0,069
PILARES,2014,0,071
VILA KOSMOS,2014,0,072
VICENTE DE CARVALHO,2014,0,073
VILA DA PENHA,2014,0,074
VISTA ALEGRE,2014,0,075
IRAJA,2014,0,076
COLEGIO,2014,0,077
QUINTINO BOCAIUVA,2014,0,079
CAVALCANTE,2014,0,080
ENGENHEIRO LEAL,2014,0,081
MADUREIRA,2014,0,083
ROCHA MIRANDA,2014,0,086
OSWALDO CRUZ,2014,0,088
BENTO RIBEIRO,2014,0,089
MARECHAL HERMES,2014,0,090
CACUIA,2014,0,093
PITANGUEIRAS,2014,0,094
FREGUESIA-ILHA,2014,0,098
JARDIM GUANABARA,2014,0,099
JARDIM CARIOCA,2014,0,100
TAUA,2014,0,101
MONERO,2014,0,102
PORTUGUESA,2014,0,103
GALEAO,2014,0,104
GUADALUPE,2014,0,106
ANCHIETA,2014,0,107
RICARDO ALBUQUERQUE,2014,0,109
COELHO NETO,2014,0,110
ACARI,2014,1,111
BARROS FILHO,2014,0,112
COSTA BARROS,2014,0,113
PAVUNA,2014,1,114
JACAREPAGUA,2014,1,115
ANIL,2014,0,116
GARDENIA AZUL,2014,0,117
CIDADE DE DEUS,2014,0,118
CURICICA,2014,0,119
FREGUESIA-JPA,2014,0,120
TAQUARA,2014,0,122
TANQUE,2014,0,123
PRACA SECA,2014,0,124
VILA VALQUEIRE,2014,0,125
ITANHANGA,2014,0,127
BARRA DA TIJUCA,2014,0,128
VARGEM PEQUENA,2014,1,130
RECREIO BANDEIRANTES,2014,0,132
VILA MILITAR,2014,0,135
MAGALHAES BASTOS,2014,0,138
REALENGO,2014,1,139
PADRE MIGUEL,2014,0,140
BANGU,2014,1,141
SENADOR CAMARA,2014,1,142
SANTISSIMO,2014,1,143
CAMPO GRANDE,2014,3,144
SENADOR VASCONCELOS,2014,0,145
INHOAIBA,2014,0,146
COSMOS,2014,1,147
PACIENCIA,2014,1,148
SANTA CRUZ,2014,4,149
SEPETIBA,2014,0,150
GUARATIBA,2014,2,151
BARRA DE GUARATIBA,2014,0,152
PEDRA DE GUARATIBA,2014,0,153
ROCINHA,2014,1,154
JACAREZINHO,2014,0,155
COMPLEXO DO ALEMAO,2014,1,156
COMPLEXO DA MARE,2014,2,157
PARQUE COLUMBIA,2014,0,158
VASCO DA GAMA,2014,0,159
ILHA DO GOVERNADOR - IGNORADO,2014,0,998
IGNORADO BAIRRO-MRJ,2014,0,999
,2014,5,
SAUDE,2015,0,001
GAMBOA,2015,0,002
CAJU,2015,0,004
CENTRO,2015,0,005
CATUMBI,2015,0,006
RIO COMPRIDO,2015,0,007
CIDADE NOVA,2015,0,008
ESTACIO,2015,0,009
SAO CRISTOVAO,2015,0,010
MANGUEIRA,2015,0,011
BENFICA,2015,0,012
SANTA TERESA,2015,0,014
FLAMENGO,2015,0,015
BOTAFOGO,2015,0,020
COPACABANA,2015,0,024
IPANEMA,2015,0,025
GAVEA,2015,0,029
VIDIGAL,2015,0,030
PRACA DA BANDEIRA,2015,0,032
TIJUCA,2015,0,033
MARACANA,2015,0,035
VILA ISABEL,2015,0,036
ANDARAI,2015,0,037
GRAJAU,2015,0,038
MANGUINHOS,2015,0,039
BONSUCESSO,2015,0,040
RAMOS,2015,0,041
OLARIA,2015,0,042
PENHA,2015,0,043
PENHA CIRCULAR,2015,1,044
BRAS DE PINA,2015,0,045
CORDOVIL,2015,1,046
PARADA DE LUCAS,2015,0,047
VIGARIO GERAL,2015,1,048
JARDIM AMERICA,2015,0,049
HIGIENOPOLIS,2015,0,050
JACARE,2015,0,051
DEL CASTILHO,2015,0,053
INHAUMA,2015,0,054
ENGENHO DA RAINHA,2015,0,055
TOMAS COELHO,2015,0,056
ROCHA,2015,0,058
ENGENHO NOVO,2015,0,061
LINS DE VASCONCELOS,2015,0,062
TODOS OS SANTOS,2015,0,064
CACHAMBI,2015,0,065
ENGENHO DE DENTRO,2015,0,066
PIEDADE,2015,0,069
PILARES,2015,0,071
VILA KOSMOS,2015,0,072
VICENTE DE CARVALHO,2015,0,073
VILA DA PENHA,2015,0,074
VISTA ALEGRE,2015,0,075
IRAJA,2015,1,076
COLEGIO,2015,0,077
QUINTINO BOCAIUVA,2015,0,079
CAVALCANTE,2015,0,080
ENGENHEIRO LEAL,2015,0,081
MADUREIRA,2015,0,083
ROCHA MIRANDA,2015,0,086
OSWALDO CRUZ,2015,0,088
BENTO RIBEIRO,2015,0,089
MARECHAL HERMES,2015,0,090
CACUIA,2015,0,093
PITANGUEIRAS,2015,0,094
FREGUESIA-ILHA,2015,0,098
JARDIM GUANABARA,2015,0,099
JARDIM CARIOCA,2015,0,100
TAUA,2015,0,101
MONERO,2015,0,102
PORTUGUESA,2015,0,103
GALEAO,2015,0,104
GUADALUPE,2015,0,106
ANCHIETA,2015,0,107
RICARDO ALBUQUERQUE,2015,0,109
COELHO NETO,2015,0,110
ACARI,2015,1,111
BARROS FILHO,2015,0,112
COSTA BARROS,2015,0,113
PAVUNA,2015,0,114
JACAREPAGUA,2015,0,115
ANIL,2015,0,116
GARDENIA AZUL,2015,1,117
CIDADE DE DEUS,2015,0,118
CURICICA,2015,1,119
FREGUESIA-JPA,2015,0,120
TAQUARA,2015,0,122
TANQUE,2015,0,123
PRACA SECA,2015,0,124
VILA VALQUEIRE,2015,0,125
ITANHANGA,2015,0,127
BARRA DA TIJUCA,2015,0,128
VARGEM PEQUENA,2015,0,130
RECREIO BANDEIRANTES,2015,0,132
VILA MILITAR,2015,0,135
MAGALHAES BASTOS,2015,0,138
REALENGO,2015,0,139
PADRE MIGUEL,2015,0,140
BANGU,2015,2,141
SENADOR CAMARA,2015,0,142
SANTISSIMO,2015,1,143
CAMPO GRANDE,2015,2,144
SENADOR VASCONCELOS,2015,0,145
INHOAIBA,2015,0,146
COSMOS,2015,1,147
PACIENCIA,2015,2,148
SANTA CRUZ,2015,2,149
SEPETIBA,2015,0,150
GUARATIBA,2015,0,151
BARRA DE GUARATIBA,2015,0,152
PEDRA DE GUARATIBA,2015,0,153
ROCINHA,2015,0,154
JACAREZINHO,2015,0,155
COMPLEXO DO ALEMAO,2015,1,156
COMPLEXO DA MARE,2015,2,157
PARQUE COLUMBIA,2015,0,158
VASCO DA GAMA,2015,0,159
ILHA DO GOVERNADOR - IGNORADO,2015,0,998
IGNORADO BAIRRO-MRJ,2015,0,999
,2015,1,
SAUDE,2016,0,001
GAMBOA,2016,0,002
CAJU,2016,1,004
CENTRO,2016,0,005
CATUMBI,2016,0,006
RIO COMPRIDO,2016,0,007
CIDADE NOVA,2016,1,008
ESTACIO,2016,0,009
SAO CRISTOVAO,2016,0,010
MANGUEIRA,2016,0,011
BENFICA,2016,0,012
SANTA TERESA,2016,0,014
FLAMENGO,2016,0,015
BOTAFOGO,2016,0,020
COPACABANA,2016,0,024
IPANEMA,2016,0,025
GAVEA,2016,0,029
VIDIGAL,2016,0,030
PRACA DA BANDEIRA,2016,0,032
TIJUCA,2016,0,033
MARACANA,2016,0,035
VILA ISABEL,2016,0,036
ANDARAI,2016,1,037
GRAJAU,2016,0,038
MANGUINHOS,2016,0,039
BONSUCESSO,2016,0,040
RAMOS,2016,0,041
OLARIA,2016,0,042
PENHA,2016,1,043
PENHA CIRCULAR,2016,0,044
BRAS DE PINA,2016,0,045
CORDOVIL,2016,0,046
PARADA DE LUCAS,2016,0,047
VIGARIO GERAL,2016,0,048
JARDIM AMERICA,2016,0,049
HIGIENOPOLIS,2016,0,050
JACARE,2016,1,051
DEL CASTILHO,2016,0,053
INHAUMA,2016,0,054
ENGENHO DA RAINHA,2016,0,055
TOMAS COELHO,2016,0,056
ROCHA,2016,0,058
ENGENHO NOVO,2016,0,061
LINS DE VASCONCELOS,2016,0,062
TODOS OS SANTOS,2016,0,064
CACHAMBI,2016,0,065
ENGENHO DE DENTRO,2016,0,066
PIEDADE,2016,0,069
PILARES,2016,0,071
VILA KOSMOS,2016,0,072
VICENTE DE CARVALHO,2016,1,073
VILA DA PENHA,2016,0,074
VISTA ALEGRE,2016,0,075
IRAJA,2016,0,076
COLEGIO,2016,0,077
QUINTINO BOCAIUVA,2016,0,079
CAVALCANTE,2016,0,080
ENGENHEIRO LEAL,2016,0,081
MADUREIRA,2016,0,083
ROCHA MIRANDA,2016,0,086
OSWALDO CRUZ,2016,0,088
BENTO RIBEIRO,2016,0,089
MARECHAL HERMES,2016,0,090
CACUIA,2016,0,093
PITANGUEIRAS,2016,0,094
FREGUESIA-ILHA,2016,0,098
JARDIM GUANABARA,2016,0,099
JARDIM CARIOCA,2016,0,100
TAUA,2016,0,101
MONERO,2016,0,102
PORTUGUESA,2016,0,103
GALEAO,2016,0,104
GUADALUPE,2016,0,106
ANCHIETA,2016,0,107
RICARDO ALBUQUERQUE,2016,0,109
COELHO NETO,2016,1,110
ACARI,2016,0,111
BARROS FILHO,2016,0,112
COSTA BARROS,2016,0,113
PAVUNA,2016,0,114
JACAREPAGUA,2016,1,115
ANIL,2016,0,116
GARDENIA AZUL,2016,0,117
CIDADE DE DEUS,2016,1,118
CURICICA,2016,0,119
FREGUESIA-JPA,2016,0,120
TAQUARA,2016,0,122
TANQUE,2016,0,123
PRACA SECA,2016,1,124
VILA VALQUEIRE,2016,0,125
ITANHANGA,2016,0,127
BARRA DA TIJUCA,2016,0,128
VARGEM PEQUENA,2016,0,130
RECREIO BANDEIRANTES,2016,1,132
VILA MILITAR,2016,0,135
MAGALHAES BASTOS,2016,0,138
REALENGO,2016,1,139
PADRE MIGUEL,2016,1,140
BANGU,2016,2,141
SENADOR CAMARA,2016,1,142
SANTISSIMO,2016,0,143
CAMPO GRANDE,2016,0,144
SENADOR VASCONCELOS,2016,0,145
INHOAIBA,2016,1,146
COSMOS,2016,0,147
PACIENCIA,2016,2,148
SANTA CRUZ,2016,1,149
SEPETIBA,2016,1,150
GUARATIBA,2016,0,151
BARRA DE GUARATIBA,2016,0,152
PEDRA DE GUARATIBA,2016,0,153
ROCINHA,2016,1,154
JACAREZINHO,2016,0,155
COMPLEXO DO ALEMAO,2016,0,156
COMPLEXO DA MARE,2016,0,157
PARQUE COLUMBIA,2016,0,158
VASCO DA GAMA,2016,0,159
ILHA DO GOVERNADOR - IGNORADO,2016,0,998
IGNORADO BAIRRO-MRJ,2016,0,999
,2016,1,
SAUDE,2017,0,001
GAMBOA,2017,1,002
CAJU,2017,0,004
CENTRO,2017,0,005
CATUMBI,2017,0,006
RIO COMPRIDO,2017,0,007
CIDADE NOVA,2017,0,008
ESTACIO,2017,0,009
SAO CRISTOVAO,2017,0,010
MANGUEIRA,2017,0,011
BENFICA,2017,1,012
SANTA TERESA,2017,0,014
FLAMENGO,2017,1,015
BOTAFOGO,2017,0,020
COPACABANA,2017,0,024
IPANEMA,2017,0,025
GAVEA,2017,0,029
VIDIGAL,2017,0,030
PRACA DA BANDEIRA,2017,0,032
TIJUCA,2017,0,033
MARACANA,2017,0,035
VILA ISABEL,2017,0,036
ANDARAI,2017,0,037
GRAJAU,2017,0,038
MANGUINHOS,2017,1,039
BONSUCESSO,2017,0,040
RAMOS,2017,0,041
OLARIA,2017,0,042
PENHA,2017,2,043
PENHA CIRCULAR,2017,0,044
BRAS DE PINA,2017,0,045
CORDOVIL,2017,0,046
PARADA DE LUCAS,2017,0,047
VIGARIO GERAL,2017,0,048
JARDIM AMERICA,2017,1,049
HIGIENOPOLIS,2017,0,050
JACARE,2017,0,051
DEL CASTILHO,2017,0,053
INHAUMA,2017,0,054
ENGENHO DA RAINHA,2017,0,055
TOMAS COELHO,2017,0,056
ROCHA,2017,0,058
ENGENHO NOVO,2017,0,061
LINS DE VASCONCELOS,2017,0,062
TODOS OS SANTOS,2017,0,064
CACHAMBI,2017,0,065
ENGENHO DE DENTRO,2017,0,066
PIEDADE,2017,0,069
PILARES,2017,0,071
VILA KOSMOS,2017,0,072
VICENTE DE CARVALHO,2017,0,073
VILA DA PENHA,2017,0,074
VISTA ALEGRE,2017,0,075
IRAJA,2017,0,076
COLEGIO,2017,0,077
QUINTINO BOCAIUVA,2017,0,079
CAVALCANTE,2017,0,080
ENGENHEIRO LEAL,2017,0,081
MADUREIRA,2017,0,083
ROCHA MIRANDA,2017,0,086
OSWALDO CRUZ,2017,0,088
BENTO RIBEIRO,2017,1,089
MARECHAL HERMES,2017,1,090
CACUIA,2017,0,093
PITANGUEIRAS,2017,0,094
FREGUESIA-ILHA,2017,0,098
JARDIM GUANABARA,2017,0,099
JARDIM CARIOCA,2017,0,100
TAUA,2017,0,101
MONERO,2017,0,102
PORTUGUESA,2017,1,103
GALEAO,2017,0,104
GUADALUPE,2017,0,106
ANCHIETA,2017,0,107
RICARDO ALBUQUERQUE,2017,0,109
COELHO NETO,2017,0,110
ACARI,2017,0,111
BARROS FILHO,2017,0,112
COSTA BARROS,2017,1,113
PAVUNA,2017,1,114
JACAREPAGUA,2017,0,115
ANIL,2017,0,116
GARDENIA AZUL,2017,0,117
CIDADE DE DEUS,2017,0,118
CURICICA,2017,0,119
FREGUESIA-JPA,2017,0,120
TAQUARA,2017,1,122
TANQUE,2017,0,123
PRACA SECA,2017,0,124
VILA VALQUEIRE,2017,0,125
ITANHANGA,2017,0,127
BARRA DA TIJUCA,2017,0,128
VARGEM PEQUENA,2017,0,130
RECREIO BANDEIRANTES,2017,0,132
VILA MILITAR,2017,0,135
MAGALHAES BASTOS,2017,0,138
REALENGO,2017,0,139
PADRE MIGUEL,2017,0,140
BANGU,2017,2,141
SENADOR CAMARA,2017,0,142
SANTISSIMO,2017,0,143
CAMPO GRANDE,2017,0,144
SENADOR VASCONCELOS,2017,0,145
INHOAIBA,2017,1,146
COSMOS,2017,0,147
PACIENCIA,2017,1,148
SANTA CRUZ,2017,0,149
SEPETIBA,2017,0,150
GUARATIBA,2017,1,151
BARRA DE GUARATIBA,2017,0,152
PEDRA DE GUARATIBA,2017,0,153
ROCINHA,2017,0,154
JACAREZINHO,2017,1,155
COMPLEXO DO ALEMAO,2017,1,156
COMPLEXO DA MARE,2017,1,157
PARQUE COLUMBIA,2017,0,158
VASCO DA GAMA,2017,0,159
ILHA DO GOVERNADOR - IGNORADO,2017,0,998
IGNORADO BAIRRO-MRJ,2017,1,999
,2017,2,
SAUDE,2018,0,001
GAMBOA,2018,0,002
CAJU,2018,0,004
CENTRO,2018,0,005
CATUMBI,2018,0,006
RIO COMPRIDO,2018,0,007
CIDADE NOVA,2018,0,008
ESTACIO,2018,0,009
SAO CRISTOVAO,2018,0,010
MANGUEIRA,2018,0,011
BENFICA,2018,0,012
SANTA TERESA,2018,0,014
FLAMENGO,2018,0,015
BOTAFOGO,2018,0,020
COPACABANA,2018,0,024
IPANEMA,2018,0,025
GAVEA,2018,0,029
VIDIGAL,2018,0,030
PRACA DA BANDEIRA,2018,0,032
TIJUCA,2018,0,033
MARACANA,2018,0,035
VILA ISABEL,2018,1,036
ANDARAI,2018,0,037
GRAJAU,2018,0,038
MANGUINHOS,2018,0,039
BONSUCESSO,2018,0,040
RAMOS,2018,0,041
OLARIA,2018,0,042
PENHA,2018,1,043
PENHA CIRCULAR,2018,0,044
BRAS DE PINA,2018,0,045
CORDOVIL,2018,0,046
PARADA DE LUCAS,2018,0,047
VIGARIO GERAL,2018,1,048
JARDIM AMERICA,2018,0,049
HIGIENOPOLIS,2018,0,050
JACARE,2018,0,051
DEL CASTILHO,2018,0,053
INHAUMA,2018,0,054
ENGENHO DA RAINHA,2018,0,055
TOMAS COELHO,2018,0,056
ROCHA,2018,0,058
ENGENHO NOVO,2018,0,061
LINS DE VASCONCELOS,2018,0,062
TODOS OS SANTOS,2018,0,064
CACHAMBI,2018,0,065
ENGENHO DE DENTRO,2018,0,066
PIEDADE,2018,0,069
PILARES,2018,1,071
VILA KOSMOS,2018,0,072
VICENTE DE CARVALHO,2018,0,073
VILA DA PENHA,2018,0,074
VISTA ALEGRE,2018,0,075
IRAJA,2018,0,076
COLEGIO,2018,0,077
QUINTINO BOCAIUVA,2018,0,079
CAVALCANTE,2018,0,080
ENGENHEIRO LEAL,2018,0,081
MADUREIRA,2018,0,083
ROCHA MIRANDA,2018,0,086
OSWALDO CRUZ,2018,0,088
BENTO RIBEIRO,2018,0,089
MARECHAL HERMES,2018,0,090
CACUIA,2018,0,093
PITANGUEIRAS,2018,0,094
FREGUESIA-ILHA,2018,0,098
JARDIM GUANABARA,2018,0,099
JARDIM CARIOCA,2018,0,100
TAUA,2018,0,101
MONERO,2018,0,102
PORTUGUESA,2018,0,103
GALEAO,2018,0,104
GUADALUPE,2018,0,106
ANCHIETA,2018,1,107
RICARDO ALBUQUERQUE,2018,0,109
COELHO NETO,2018,0,110
ACARI,2018,0,111
BARROS FILHO,2018,0,112
COSTA BARROS,2018,0,113
PAVUNA,2018,0,114
JACAREPAGUA,2018,0,115
ANIL,2018,0,116
GARDENIA AZUL,2018,0,117
CIDADE DE DEUS,2018,0,118
CURICICA,2018,0,119
FREGUESIA-JPA,2018,0,120
TAQUARA,2018,0,122
TANQUE,2018,0,123
PRACA SECA,2018,1,124
VILA VALQUEIRE,2018,0,125
ITANHANGA,2018,0,127
BARRA DA TIJUCA,2018,0,128
VARGEM PEQUENA,2018,0,130
RECREIO BANDEIRANTES,2018,0,132
VILA MILITAR,2018,0,135
MAGALHAES BASTOS,2018,0,138
REALENGO,2018,0,139
PADRE MIGUEL,2018,1,140
BANGU,2018,0,141
SENADOR CAMARA,2018,0,142
SANTISSIMO,2018,0,143
CAMPO GRANDE,2018,0,144
SENADOR VASCONCELOS,2018,0,145
INHOAIBA,2018,0,146
COSMOS,2018,1,147
PACIENCIA,2018,1,148
SANTA CRUZ,2018,0,149
SEPETIBA,2018,0,150
GUARATIBA,2018,0,151
BARRA DE GUARATIBA,2018,0,152
PEDRA DE GUARATIBA,2018,0,153
ROCINHA,2018,2,154
JACAREZINHO,2018,0,155
COMPLEXO DO ALEMAO,2018,2,156
COMPLEXO DA MARE,2018,2,157
PARQUE COLUMBIA,2018,0,158
VASCO DA GAMA,2018,0,159
ILHA DO GOVERNADOR - IGNORADO,2018,0,998
IGNORADO BAIRRO-MRJ,2018,0,999
,2018,3,
SAUDE,2019,0,001
GAMBOA,2019,0,002
CAJU,2019,0,004
CENTRO,2019,0,005
CATUMBI,2019,0,006
RIO COMPRIDO,2019,0,007
CIDADE NOVA,2019,0,008
ESTACIO,2019,0,009
SAO CRISTOVAO,2019,0,010
MANGUEIRA,2019,0,011
BENFICA,2019,1,012
SANTA TERESA,2019,0,014
FLAMENGO,2019,0,015
BOTAFOGO,2019,0,020
COPACABANA,2019,0,024
IPANEMA,2019,0,025
GAVEA,2019,0,029
VIDIGAL,2019,0,030
PRACA DA BANDEIRA,2019,0,032
TIJUCA,2019,0,033
MARACANA,2019,0,035
VILA ISABEL,2019,0,036
ANDARAI,2019,0,037
GRAJAU,2019,1,038
MANGUINHOS,2019,1,039
BONSUCESSO,2019,0,040
RAMOS,2019,0,041
OLARIA,2019,0,042
PENHA,2019,0,043
PENHA CIRCULAR,2019,0,044
BRAS DE PINA,2019,0,045
CORDOVIL,2019,1,046
PARADA DE LUCAS,2019,0,047
VIGARIO GERAL,2019,0,048
JARDIM AMERICA,2019,0,049
HIGIENOPOLIS,2019,0,050
JACARE,2019,0,051
DEL CASTILHO,2019,0,053
INHAUMA,2019,0,054
ENGENHO DA RAINHA,2019,0,055
TOMAS COELHO,2019,1,056
ROCHA,2019,0,058
ENGENHO NOVO,2019,1,061
LINS DE VASCONCELOS,2019,1,062
TODOS OS SANTOS,2019,0,064
CACHAMBI,2019,0,065
ENGENHO DE DENTRO,2019,0,066
PIEDADE,2019,0,069
PILARES,2019,0,071
VILA KOSMOS,2019,0,072
VICENTE DE CARVALHO,2019,0,073
VILA DA PENHA,2019,0,074
VISTA ALEGRE,2019,0,075
IRAJA,2019,0,076
COLEGIO,2019,2,077
QUINTINO BOCAIUVA,2019,0,079
CAVALCANTE,2019,0,080
ENGENHEIRO LEAL,2019,0,081
MADUREIRA,2019,0,083
ROCHA MIRANDA,2019,0,086
OSWALDO CRUZ,2019,0,088
BENTO RIBEIRO,2019,0,089
MARECHAL HERMES,2019,0,090
CACUIA,2019,0,093
PITANGUEIRAS,2019,0,094
FREGUESIA-ILHA,2019,0,098
JARDIM GUANABARA,2019,0,099
JARDIM CARIOCA,2019,0,100
TAUA,2019,0,101
MONERO,2019,0,102
PORTUGUESA,2019,0,103
GALEAO,2019,0,104
GUADALUPE,2019,1,106
ANCHIETA,2019,0,107
RICARDO ALBUQUERQUE,2019,1,109
COELHO NETO,2019,0,110
ACARI,2019,1,111
BARROS FILHO,2019,0,112
COSTA BARROS,2019,0,113
PAVUNA,2019,0,114
JACAREPAGUA,2019,2,115
ANIL,2019,0,116
GARDENIA AZUL,2019,0,117
CIDADE DE DEUS,2019,1,118
CURICICA,2019,1,119
FREGUESIA-JPA,2019,0,120
TAQUARA,2019,0,122
TANQUE,2019,0,123
PRACA SECA,2019,1,124
VILA VALQUEIRE,2019,0,125
ITANHANGA,2019,1,127
BARRA DA TIJUCA,2019,0,128
VARGEM PEQUENA,2019,0,130
RECREIO BANDEIRANTES,2019,0,132
VILA MILITAR,2019,0,135
MAGALHAES BASTOS,2019,0,138
REALENGO,2019,1,139
PADRE MIGUEL,2019,0,140
BANGU,2019,1,141
SENADOR CAMARA,2019,1,142
SANTISSIMO,2019,0,143
CAMPO GRANDE,2019,1,144
SENADOR VASCONCELOS,2019,0,145
INHOAIBA,2019,0,146
COSMOS,2019,2,147
PACIENCIA,2019,0,148
SANTA CRUZ,2019,1,149
SEPETIBA,2019,0,150
GUARATIBA,2019,1,151
BARRA DE GUARATIBA,2019,0,152
PEDRA DE GUARATIBA,2019,1,153
ROCINHA,2019,0,154
JACAREZINHO,2019,0,155
COMPLEXO DO ALEMAO,2019,0,156
COMPLEXO DA MARE,2019,2,157
PARQUE COLUMBIA,2019,0,158
VASCO DA GAMA,2019,0,159
ILHA DO GOVERNADOR - IGNORADO,2019,0,998
IGNORADO BAIRRO-MRJ,2019,0,999
,2019,3,
SAUDE,2020,0,001
GAMBOA,2020,0,002
CAJU,2020,0,004
CENTRO,2020,0,005
CATUMBI,2020,0,006
RIO COMPRIDO,2020,0,007
CIDADE NOVA,2020,0,008
ESTACIO,2020,0,009
SAO CRISTOVAO,2020,0,010
MANGUEIRA,2020,0,011
BENFICA,2020,0,012
SANTA TERESA,2020,0,014
FLAMENGO,2020,0,015
BOTAFOGO,2020,1,020
COPACABANA,2020,0,024
IPANEMA,2020,0,025
GAVEA,2020,0,029
VIDIGAL,2020,0,030
PRACA DA BANDEIRA,2020,0,032
TIJUCA,2020,0,033
MARACANA,2020,0,035
VILA ISABEL,2020,0,036
ANDARAI,2020,0,037
GRAJAU,2020,0,038
MANGUINHOS,2020,0,039
BONSUCESSO,2020,0,040
RAMOS,2020,0,041
OLARIA,2020,1,042
PENHA,2020,0,043
PENHA CIRCULAR,2020,0,044
BRAS DE PINA,2020,2,045
CORDOVIL,2020,1,046
PARADA DE LUCAS,2020,0,047
VIGARIO GERAL,2020,0,048
JARDIM AMERICA,2020,0,049
HIGIENOPOLIS,2020,0,050
JACARE,2020,0,051
DEL CASTILHO,2020,0,053
INHAUMA,2020,0,054
ENGENHO DA RAINHA,2020,0,055
TOMAS COELHO,2020,0,056
ROCHA,2020,0,058
ENGENHO NOVO,2020,0,061
LINS DE VASCONCELOS,2020,0,062
TODOS OS SANTOS,2020,0,064
CACHAMBI,2020,0,065
ENGENHO DE DENTRO,2020,1,066
PIEDADE,2020,0,069
PILARES,2020,0,071
VILA KOSMOS,2020,0,072
VICENTE DE CARVALHO,2020,0,073
VILA DA PENHA,2020,0,074
VISTA ALEGRE,2020,0,075
IRAJA,2020,0,076
COLEGIO,2020,0,077
QUINTINO BOCAIUVA,2020,0,079
CAVALCANTE,2020,0,080
ENGENHEIRO LEAL,2020,0,081
MADUREIRA,2020,1,083
ROCHA MIRANDA,2020,1,086
OSWALDO CRUZ,2020,0,088
BENTO RIBEIRO,2020,0,089
MARECHAL HERMES,2020,1,090
CACUIA,2020,0,093
PITANGUEIRAS,2020,0,094
FREGUESIA-ILHA,2020,0,098
JARDIM GUANABARA,2020,0,099
JARDIM CARIOCA,2020,0,100
TAUA,2020,0,101
MONERO,2020,0,102
PORTUGUESA,2020,0,103
GALEAO,2020,0,104
GUADALUPE,2020,0,106
ANCHIETA,2020,0,107
RICARDO ALBUQUERQUE,2020,1,109
COELHO NETO,2020,1,110
ACARI,2020,0,111
BARROS FILHO,2020,0,112
COSTA BARROS,2020,1,113
PAVUNA,2020,2,114
JACAREPAGUA,2020,0,115
ANIL,2020,0,116
GARDENIA AZUL,2020,0,117
CIDADE DE DEUS,2020,0,118
CURICICA,2020,0,119
FREGUESIA-JPA,2020,0,120
TAQUARA,2020,1,122
TANQUE,2020,0,123
PRACA SECA,2020,0,124
VILA VALQUEIRE,2020,0,125
ITANHANGA,2020,0,127
BARRA DA TIJUCA,2020,0,128
VARGEM PEQUENA,2020,0,130
RECREIO BANDEIRANTES,2020,0,132
VILA MILITAR,2020,1,135
MAGALHAES BASTOS,2020,0,138
REALENGO,2020,0,139
PADRE MIGUEL,2020,2,140
BANGU,2020,2,141
SENADOR CAMARA,2020,0,142
SANTISSIMO,2020,1,143
CAMPO GRANDE,2020,1,144
SENADOR VASCONCELOS,2020,0,145
INHOAIBA,2020,0,146
COSMOS,2020,0,147
PACIENCIA,2020,0,148
SANTA CRUZ,2020,3,149
SEPETIBA,2020,0,150
GUARATIBA,2020,1,151
BARRA DE GUARATIBA,2020,1,152
PEDRA DE GUARATIBA,2020,0,153
ROCINHA,2020,0,154
JACAREZINHO,2020,0,155
COMPLEXO DO ALEMAO,2020,0,156
COMPLEXO DA MARE,2020,0,157
PARQUE COLUMBIA,2020,0,158
VASCO DA GAMA,2020,0,159
ILHA DO GOVERNADOR - IGNORADO,2020,0,998
IGNORADO BAIRRO-MRJ,2020,0,999
,2020,5,
SAUDE,2021,0,001
GAMBOA,2021,0,002
CAJU,2021,0,004
CENTRO,2021,0,005
CATUMBI,2021,0,006
RIO COMPRIDO,2021,0,007
CIDADE NOVA,2021,0,008
ESTACIO,2021,0,009
SAO CRISTOVAO,2021,0,010
MANGUEIRA,2021,0,011
BENFICA,2021,0,012
SANTA TERESA,2021,2,014
FLAMENGO,2021,0,015
BOTAFOGO,2021,0,020
COPACABANA,2021,0,024
IPANEMA,2021,0,025
GAVEA,2021,0,029
VIDIGAL,2021,0,030
PRACA DA BANDEIRA,2021,0,032
TIJUCA,2021,0,033
MARACANA,2021,0,035
VILA ISABEL,2021,0,036
ANDARAI,2021,0,037
GRAJAU,2021,0,038
MANGUINHOS,2021,0,039
BONSUCESSO,2021,0,040
RAMOS,2021,1,041
OLARIA,2021,0,042
PENHA,2021,0,043
PENHA CIRCULAR,2021,0,044
BRAS DE PINA,2021,0,045
CORDOVIL,2021,0,046
PARADA DE LUCAS,2021,1,047
VIGARIO GERAL,2021,0,048
JARDIM AMERICA,2021,0,049
HIGIENOPOLIS,2021,1,050
JACARE,2021,0,051
DEL CASTILHO,2021,0,053
INHAUMA,2021,0,054
ENGENHO DA RAINHA,2021,0,055
TOMAS COELHO,2021,0,056
ROCHA,2021,0,058
ENGENHO NOVO,2021,0,061
LINS DE VASCONCELOS,2021,1,062
TODOS OS SANTOS,2021,0,064
CACHAMBI,2021,0,065
ENGENHO DE DENTRO,2021,1,066
PIEDADE,2021,0,069
PILARES,2021,0,071
VILA KOSMOS,2021,0,072
VICENTE DE CARVALHO,2021,0,073
VILA DA PENHA,2021,0,074
VISTA ALEGRE,2021,0,075
IRAJA,2021,0,076
COLEGIO,2021,0,077
QUINTINO BOCAIUVA,2021,0,079
CAVALCANTE,2021,0,080
ENGENHEIRO LEAL,2021,0,081
MADUREIRA,2021,1,083
ROCHA MIRANDA,2021,0,086
OSWALDO CRUZ,2021,0,088
BENTO RIBEIRO,2021,0,089
MARECHAL HERMES,2021,2,090
CACUIA,2021,0,093
PITANGUEIRAS,2021,1,094
FREGUESIA-ILHA,2021,0,098
JARDIM GUANABARA,2021,0,099
JARDIM CARIOCA,2021,0,100
TAUA,2021,0,101
MONERO,2021,0,102
PORTUGUESA,2021,0,103
GALEAO,2021,0,104
GUADALUPE,2021,0,106
ANCHIETA,2021,0,107
RICARDO ALBUQUERQUE,2021,0,109
COELHO NETO,2021,0,110
ACARI,2021,1,111
BARROS FILHO,2021,0,112
COSTA BARROS,2021,1,113
PAVUNA,2021,1,114
JACAREPAGUA,2021,1,115
ANIL,2021,0,116
GARDENIA AZUL,2021,1,117
CIDADE DE DEUS,2021,1,118
CURICICA,2021,1,119
FREGUESIA-JPA,2021,0,120
TAQUARA,2021,0,122
TANQUE,2021,0,123
PRACA SECA,2021,0,124
VILA VALQUEIRE,2021,1,125
ITANHANGA,2021,0,127
BARRA DA TIJUCA,2021,0,128
VARGEM PEQUENA,2021,0,130
RECREIO BANDEIRANTES,2021,0,132
VILA MILITAR,2021,0,135
MAGALHAES BASTOS,2021,1,138
REALENGO,2021,0,139
PADRE MIGUEL,2021,0,140
BANGU,2021,1,141
SENADOR CAMARA,2021,0,142
SANTISSIMO,2021,0,143
CAMPO GRANDE,2021,2,144
SENADOR VASCONCELOS,2021,1,145
INHOAIBA,2021,0,146
COSMOS,2021,0,147
PACIENCIA,2021,0,148
SANTA CRUZ,2021,0,149
SEPETIBA,2021,2,150
GUARATIBA,2021,1,151
BARRA DE GUARATIBA,2021,0,152
PEDRA DE GUARATIBA,2021,0,153
ROCINHA,2021,2,154
JACAREZINHO,2021,0,155
COMPLEXO DO ALEMAO,2021,0,156
COMPLEXO DA MARE,2021,2,157
PARQUE COLUMBIA,2021,0,158
VASCO DA GAMA,2021,0,159
ILHA DO GOVERNADOR - IGNORADO,2021,0,998
IGNORADO BAIRRO-MRJ,2021,0,999
,2021,4,
SAUDE,2022,2,001
GAMBOA,2022,1,002
CAJU,2022,0,004
CENTRO,2022,0,005
CATUMBI,2022,0,006
RIO COMPRIDO,2022,0,007
CIDADE NOVA,2022,0,008
ESTACIO,2022,0,009
SAO CRISTOVAO,2022,0,010
MANGUEIRA,2022,0,011
BENFICA,2022,0,012
SANTA TERESA,2022,0,014
FLAMENGO,2022,0,015
BOTAFOGO,2022,0,020
COPACABANA,2022,2,024
IPANEMA,2022,0,025
GAVEA,2022,0,029
VIDIGAL,2022,0,030
PRACA DA BANDEIRA,2022,0,032
TIJUCA,2022,0,033
MARACANA,2022,0,035
VILA ISABEL,2022,0,036
ANDARAI,2022,0,037
GRAJAU,2022,0,038
MANGUINHOS,2022,0,039
BONSUCESSO,2022,0,040
RAMOS,2022,0,041
OLARIA,2022,0,042
PENHA,2022,0,043
PENHA CIRCULAR,2022,1,044
BRAS DE PINA,2022,0,045
CORDOVIL,2022,0,046
PARADA DE LUCAS,2022,0,047
VIGARIO GERAL,2022,0,048
JARDIM AMERICA,2022,0,049
HIGIENOPOLIS,2022,0,050
JACARE,2022,0,051
DEL CASTILHO,2022,0,053
INHAUMA,2022,0,054
ENGENHO DA RAINHA,2022,0,055
TOMAS COELHO,2022,0,056
ROCHA,2022,0,058
ENGENHO NOVO,2022,0,061
LINS DE VASCONCELOS,2022,0,062
TODOS OS SANTOS,2022,0,064
CACHAMBI,2022,0,065
ENGENHO DE DENTRO,2022,0,066
PIEDADE,2022,0,069
PILARES,2022,0,071
VILA KOSMOS,2022,0,072
VICENTE DE CARVALHO,2022,0,073
VILA DA PENHA,2022,0,074
VISTA ALEGRE,2022,0,075
IRAJA,2022,0,076
COLEGIO,2022,0,077
QUINTINO BOCAIUVA,2022,0,079
CAVALCANTE,2022,1,080
ENGENHEIRO LEAL,2022,0,081
MADUREIRA,2022,0,083
ROCHA MIRANDA,2022,0,086
OSWALDO CRUZ,2022,0,088
BENTO RIBEIRO,2022,0,089
MARECHAL HERMES,2022,0,090
CACUIA,2022,0,093
PITANGUEIRAS,2022,0,094
FREGUESIA-ILHA,2022,0,098
JARDIM GUANABARA,2022,0,099
JARDIM CARIOCA,2022,0,100
TAUA,2022,0,101
MONERO,2022,0,102
PORTUGUESA,2022,0,103
GALEAO,2022,0,104
GUADALUPE,2022,0,106
ANCHIETA,2022,0,107
RICARDO ALBUQUERQUE,2022,0,109
COELHO NETO,2022,0,110
ACARI,2022,0,111
BARROS FILHO,2022,0,112
COSTA BARROS,2022,0,113
PAVUNA,2022,0,114
JACAREPAGUA,2022,0,115
ANIL,2022,0,116
GARDENIA AZUL,2022,0,117
CIDADE DE DEUS,2022,0,118
CURICICA,2022,0,119
FREGUESIA-JPA,2022,0,120
TAQUARA,2022,0,122
TANQUE,2022,0,123
PRACA SECA,2022,1,124
VILA VALQUEIRE,2022,0,125
ITANHANGA,2022,0,127
BARRA DA TIJUCA,2022,0,128
VARGEM PEQUENA,2022,0,130
RECREIO BANDEIRANTES,2022,0,132
VILA MILITAR,2022,0,135
MAGALHAES BASTOS,2022,0,138
REALENGO,2022,0,139
PADRE MIGUEL,2022,0,140
BANGU,2022,1,141
SENADOR CAMARA,2022,1,142
SANTISSIMO,2022,0,143
CAMPO GRANDE,2022,0,144
SENADOR VASCONCELOS,2022,0,145
INHOAIBA,2022,0,146
COSMOS,2022,0,147
PACIENCIA,2022,2,148
SANTA CRUZ,2022,0,149
SEPETIBA,2022,0,150
GUARATIBA,2022,0,151
BARRA DE GUARATIBA,2022,0,152
PEDRA DE GUARATIBA,2022,0,153
ROCINHA,2022,0,154
JACAREZINHO,2022,0,155
COMPLEXO DO ALEMAO,2022,1,156
COMPLEXO DA MARE,2022,1,157
PARQUE COLUMBIA,2022,0,158
VASCO DA GAMA,2022,0,159
ILHA DO GOVERNADOR - IGNORADO,2022,0,998
IGNORADO BAIRRO-MRJ,2022,0,999
,2022,1,
SAUDE,2023,0,001
GAMBOA,2023,0,002
CAJU,2023,0,004
CENTRO,2023,0,005
CATUMBI,2023,0,006
RIO COMPRIDO,2023,0,007
CIDADE NOVA,2023,0,008
ESTACIO,2023,0,009
SAO CRISTOVAO,2023,0,010
MANGUEIRA,2023,0,011
BENFICA,2023,0,012
SANTA TERESA,2023,0,014
FLAMENGO,2023,0,015
BOTAFOGO,2023,0,020
COPACABANA,2023,0,024
IPANEMA,2023,0,025
GAVEA,2023,0,029
VIDIGAL,2023,0,030
PRACA DA BANDEIRA,2023,0,032
TIJUCA,2023,1,033
MARACANA,2023,0,035
VILA ISABEL,2023,0,036
ANDARAI,2023,1,037
GRAJAU,2023,0,038
MANGUINHOS,2023,1,039
BONSUCESSO,2023,0,040
RAMOS,2023,0,041
OLARIA,2023,0,042
PENHA,2023,0,043
PENHA CIRCULAR,2023,0,044
BRAS DE PINA,2023,0,045
CORDOVIL,2023,0,046
PARADA DE LUCAS,2023,0,047
VIGARIO GERAL,2023,0,048
JARDIM AMERICA,2023,0,049
HIGIENOPOLIS,2023,0,050
JACARE,2023,0,051
DEL CASTILHO,2023,0,053
INHAUMA,2023,0,054
ENGENHO DA RAINHA,2023,0,055
TOMAS COELHO,2023,0,056
ROCHA,2023,1,058
ENGENHO NOVO,2023,0,061
LINS DE VASCONCELOS,2023,0,062
TODOS OS SANTOS,2023,0,064
CACHAMBI,2023,0,065
ENGENHO DE DENTRO,2023,0,066
PIEDADE,2023,0,069
PILARES,2023,0,071
VILA KOSMOS,2023,0,072
VICENTE DE CARVALHO,2023,0,073
VILA DA PENHA,2023,0,074
VISTA ALEGRE,2023,0,075
IRAJA,2023,0,076
COLEGIO,2023,0,077
QUINTINO BOCAIUVA,2023,0,079
CAVALCANTE,2023,0,080
ENGENHEIRO LEAL,2023,0,081
MADUREIRA,2023,0,083
ROCHA MIRANDA,2023,0,086
OSWALDO CRUZ,2023,0,088
BENTO RIBEIRO,2023,0,089
MARECHAL HERMES,2023,0,090
CACUIA,2023,0,093
PITANGUEIRAS,2023,0,094
FREGUESIA-ILHA,2023,0,098
JARDIM GUANABARA,2023,0,099
JARDIM CARIOCA,2023,0,100
TAUA,2023,0,101
MONERO,2023,0,102
PORTUGUESA,2023,0,103
GALEAO,2023,0,104
GUADALUPE,2023,0,106
ANCHIETA,2023,0,107
RICARDO ALBUQUERQUE,2023,0,109
COELHO NETO,2023,0,110
ACARI,2023,1,111
BARROS FILHO,2023,0,112
COSTA BARROS,2023,0,113
PAVUNA,2023,1,114
JACAREPAGUA,2023,0,115
ANIL,2023,0,116
GARDENIA AZUL,2023,0,117
CIDADE DE DEUS,2023,0,118
CURICICA,2023,1,119
FREGUESIA-JPA,2023,0,120
TAQUARA,2023,0,122
TANQUE,2023,1,123
PRACA SECA,2023,0,124
VILA VALQUEIRE,2023,0,125
ITANHANGA,2023,0,127
BARRA DA TIJUCA,2023,0,128
VARGEM PEQUENA,2023,1,130
RECREIO BANDEIRANTES,2023,0,132
VILA MILITAR,2023,0,135
MAGALHAES BASTOS,2023,0,138
REALENGO,2023,2,139
PADRE MIGUEL,2023,0,140
BANGU,2023,1,141
SENADOR CAMARA,2023,0,142
SANTISSIMO,2023,0,143
CAMPO GRANDE,2023,0,144
SENADOR VASCONCELOS,2023,0,145
INHOAIBA,2023,0,146
COSMOS,2023,0,147
PACIENCIA,2023,1,148
SANTA CRUZ,2023,1,149
SEPETIBA,2023,1,150
GUARATIBA,2023,0,151
BARRA DE GUARATIBA,2023,0,152
PEDRA DE GUARATIBA,2023,0,153
ROCINHA,2023,0,154
JACAREZINHO,2023,0,155
COMPLEXO DO ALEMAO,2023,0,156
COMPLEXO DA MARE,2023,0,157
PARQUE COLUMBIA,2023,0,158
VASCO DA GAMA,2023,0,159
ILHA DO GOVERNADOR - IGNORADO,2023,0,998
IGNORADO BAIRRO-MRJ,2023,0,999
,2023,5,
SAUDE,2024,0,001
GAMBOA,2024,0,002
CAJU,2024,0,004
CENTRO,2024,0,005
CATUMBI,2024,0,006
RIO COMPRIDO,2024,0,007
CIDADE NOVA,2024,0,008
ESTACIO,2024,0,009
SAO CRISTOVAO,2024,0,010
MANGUEIRA,2024,0,011
BENFICA,2024,0,012
SANTA TERESA,2024,0,014
FLAMENGO,2024,0,015
BOTAFOGO,2024,0,020
COPACABANA,2024,0,024
IPANEMA,2024,0,025
GAVEA,2024,0,029
VIDIGAL,2024,0,030
PRACA DA BANDEIRA,2024,0,032
TIJUCA,2024,0,033
MARACANA,2024,0,035
VILA ISABEL,2024,0,036
ANDARAI,2024,0,037
GRAJAU,2024,1,038
MANGUINHOS,2024,0,039
BONSUCESSO,2024,0,040
RAMOS,2024,0,041
OLARIA,2024,0,042
PENHA,2024,0,043
PENHA CIRCULAR,2024,0,044
BRAS DE PINA,2024,0,045
CORDOVIL,2024,0,046
PARADA DE LUCAS,2024,0,047
VIGARIO GERAL,2024,0,048
JARDIM AMERICA,2024,0,049
HIGIENOPOLIS,2024,0,050
JACARE,2024,0,051
DEL CASTILHO,2024,0,053
INHAUMA,2024,0,054
ENGENHO DA RAINHA,2024,0,055
TOMAS COELHO,2024,0,056
ROCHA,2024,0,058
ENGENHO NOVO,2024,0,061
LINS DE VASCONCELOS,2024,0,062
TODOS OS SANTOS,2024,0,064
CACHAMBI,2024,0,065
ENGENHO DE DENTRO,2024,0,066
PIEDADE,2024,0,069
PILARES,2024,0,071
VILA KOSMOS,2024,0,072
VICENTE DE CARVALHO,2024,0,073
VILA DA PENHA,2024,0,074
VISTA ALEGRE,2024,0,075
IRAJA,2024,1,076
COLEGIO,2024,0,077
QUINTINO BOCAIUVA,2024,0,079
CAVALCANTE,2024,0,080
ENGENHEIRO LEAL,2024,0,081
MADUREIRA,2024,0,083
ROCHA MIRANDA,2024,0,086
OSWALDO CRUZ,2024,0,088
BENTO RIBEIRO,2024,0,089
MARECHAL HERMES,2024,0,090
CACUIA,2024,0,093
PITANGUEIRAS,2024,0,094
FREGUESIA-ILHA,2024,0,098
JARDIM GUANABARA,2024,0,099
JARDIM CARIOCA,2024,0,100
TAUA,2024,0,101
MONERO,2024,0,102
PORTUGUESA,2024,0,103
GALEAO,2024,0,104
GUADALUPE,2024,0,106
ANCHIETA,2024,0,107
RICARDO ALBUQUERQUE,2024,0,109
COELHO NETO,2024,0,110
ACARI,2024,0,111
BARROS FILHO,2024,0,112
COSTA BARROS,2024,0,113
PAVUNA,2024,0,114
JACAREPAGUA,2024,1,115
ANIL,2024,0,116
GARDENIA AZUL,2024,0,117
CIDADE DE DEUS,2024,0,118
CURICICA,2024,0,119
FREGUESIA-JPA,2024,0,120
TAQUARA,2024,0,122
TANQUE,2024,0,123
PRACA SECA,2024,0,124
VILA VALQUEIRE,2024,0,125
ITANHANGA,2024,0,127
BARRA DA TIJUCA,2024,0,128
VARGEM PEQUENA,2024,0,130
RECREIO BANDEIRANTES,2024,0,132
VILA MILITAR,2024,0,135
MAGALHAES BASTOS,2024,0,138
REALENGO,2024,0,139
PADRE MIGUEL,2024,0,140
BANGU,2024,0,141
SENADOR CAMARA,2024,0,142
SANTISSIMO,2024,0,143
CAMPO GRANDE,2024,0,144
SENADOR VASCONCELOS,2024,0,145
INHOAIBA,2024,0,146
COSMOS,2024,0,147
PACIENCIA,2024,0,148
SANTA CRUZ,2024,0,149
SEPETIBA,2024,1,150
GUARATIBA,2024,0,151
BARRA DE GUARATIBA,2024,0,152
PEDRA DE GUARATIBA,2024,0,153
ROCINHA,2024,0,154
JACAREZINHO,2024,0,155
COMPLEXO DO ALEMAO,2024,0,156
COMPLEXO DA MARE,2024,0,157
PARQUE COLUMBIA,2024,0,158
VASCO DA GAMA,2024,0,159
ILHA DO GOVERNADOR - IGNORADO,2024,0,998
IGNORADO BAIRRO-MRJ,2024,0,999
,2024,0,
SAUDE,2025,0,001
GAMBOA,2025,0,002
CAJU,2025,0,004
CENTRO,2025,0,005
CATUMBI,2025,0,006
RIO COMPRIDO,2025,0,007
CIDADE NOVA,2025,0,008
ESTACIO,2025,0,009
SAO CRISTOVAO,2025,0,010
MANGUEIRA,2025,0,011
BENFICA,2025,0,012
SANTA TERESA,2025,0,014
FLAMENGO,2025,0,015
BOTAFOGO,2025,0,020
COPACABANA,2025,1,024
IPANEMA,2025,0,025
GAVEA,2025,0,029
VIDIGAL,2025,0,030
PRACA DA BANDEIRA,2025,0,032
TIJUCA,2025,0,033
MARACANA,2025,0,035
VILA ISABEL,2025,0,036
ANDARAI,2025,0,037
GRAJAU,2025,0,038
MANGUINHOS,2025,0,039
BONSUCESSO,2025,0,040
RAMOS,2025,0,041
OLARIA,2025,0,042
PENHA,2025,0,043
PENHA CIRCULAR,2025,0,044
BRAS DE PINA,2025,0,045
CORDOVIL,2025,0,046
PARADA DE LUCAS,2025,0,047
VIGARIO GERAL,2025,2,048
JARDIM AMERICA,2025,0,049
HIGIENOPOLIS,2025,0,050
JACARE,2025,0,051
DEL CASTILHO,2025,0,053
INHAUMA,2025,0,054
ENGENHO DA RAINHA,2025,0,055
TOMAS COELHO,2025,0,056
ROCHA,2025,0,058
ENGENHO NOVO,2025,0,061
LINS DE VASCONCELOS,2025,0,062
TODOS OS SANTOS,2025,0,064
CACHAMBI,2025,0,065
ENGENHO DE DENTRO,2025,0,066
PIEDADE,2025,0,069
PILARES,2025,0,071
VILA KOSMOS,2025,0,072
VICENTE DE CARVALHO,2025,0,073
VILA DA PENHA,2025,0,074
VISTA ALEGRE,2025,0,075
IRAJA,2025,0,076
COLEGIO,2025,0,077
QUINTINO BOCAIUVA,2025,0,079
CAVALCANTE,2025,0,080
ENGENHEIRO LEAL,2025,0,081
MADUREIRA,2025,0,083
ROCHA MIRANDA,2025,0,086
OSWALDO CRUZ,2025,0,088
BENTO RIBEIRO,2025,0,089
MARECHAL HERMES,2025,0,090
CACUIA,2025,0,093
PITANGUEIRAS,2025,0,094
FREGUESIA-ILHA,2025,0,098
JARDIM GUANABARA,2025,0,099
JARDIM CARIOCA,2025,0,100
TAUA,2025,0,101
MONERO,2025,0,102
PORTUGUESA,2025,0,103
GALEAO,2025,0,104
GUADALUPE,2025,0,106
ANCHIETA,2025,0,107
RICARDO ALBUQUERQUE,2025,0,109
COELHO NETO,2025,0,110
ACARI,2025,0,111
BARROS FILHO,2025,0,112
COSTA BARROS,2025,1,113
PAVUNA,2025,1,114
JACAREPAGUA,2025,0,115
ANIL,2025,0,116
GARDENIA AZUL,2025,0,117
CIDADE DE DEUS,2025,0,118
CURICICA,2025,0,119
FREGUESIA-JPA,2025,0,120
TAQUARA,2025,0,122
TANQUE,2025,0,123
PRACA SECA,2025,0,124
VILA VALQUEIRE,2025,0,125
ITANHANGA,2025,0,127
BARRA DA TIJUCA,2025,0,128
VARGEM PEQUENA,2025,0,130
RECREIO BANDEIRANTES,2025,0,132
VILA MILITAR,2025,0,135
MAGALHAES BASTOS,2025,0,138
REALENGO,2025,1,139
PADRE MIGUEL,2025,0,140
BANGU,2025,1,141
SENADOR CAMARA,2025,1,142
SANTISSIMO,2025,0,143
CAMPO GRANDE,2025,0,144
SENADOR VASCONCELOS,2025,0,145
INHOAIBA,2025,0,146
COSMOS,2025,0,147
PACIENCIA,2025,0,148
SANTA CRUZ,2025,1,149
SEPETIBA,2025,1,150
GUARATIBA,2025,1,151
BARRA DE GUARATIBA,2025,0,152
PEDRA DE GUARATIBA,2025,0,153
ROCINHA,2025,2,154
JACAREZINHO,2025,0,155
COMPLEXO DO ALEMAO,2025,0,156
COMPLEXO DA MARE,2025,0,157
PARQUE COLUMBIA,2025,0,158
VASCO DA GAMA,2025,1,159
ILHA DO GOVERNADOR - IGNORADO,2025,0,998
IGNORADO BAIRRO-MRJ,2025,0,999
,2025,1,
